symbol,symbol_name,timestamps,open,high,low,close,volume,amount,bi_direction,in_zhongshu,is_bi_start,is_bi_end,bi_position,star_buy,star_sell,expma_cross,trend_regime,cci
sh513310,中韩半导体ETF,2022-12-22 00:00:00,0.98,0.986,0.976,0.984,124193700,1290317006,无,0,0,0,无,0,0,,其他,0.0
sh513310,中韩半导体ETF,2022-12-23 00:00:00,0.97,0.97,0.954,0.956,29791100,1272568352,无,0,0,0,无,0,0,死叉,下降趋势,-66.7
sh513310,中韩半导体ETF,2022-12-26 00:00:00,0.956,0.977,0.956,0.977,21626400,1268793212,无,0,0,0,无,0,0,,下降趋势,-5.9
sh513310,中韩半导体ETF,2022-12-27 00:00:00,0.983,0.995,0.979,0.992,43913200,1277554096,无,0,0,0,无,0,0,,下降趋势,88.5
sh513310,中韩半导体ETF,2022-12-28 00:00:00,0.98,0.985,0.971,0.973,14829000,1264346842,无,0,0,0,无,0,0,,下降趋势,7.5
sh513310,中韩半导体ETF,2022-12-29 00:00:00,0.973,0.973,0.961,0.967,9150900,1258748553,无,0,0,0,无,0,0,,下降趋势,-56.0
sh513310,中韩半导体ETF,2022-12-30 00:00:00,0.967,0.974,0.959,0.96,11554100,1261035964,无,0,0,0,无,0,0,,下降趋势,-66.3
sh513310,中韩半导体ETF,2023-01-03 00:00:00,0.952,0.96,0.939,0.954,18231600,1266936048,无,0,0,0,无,0,0,,下降趋势,-135.1
sh513310,中韩半导体ETF,2023-01-04 00:00:00,0.956,0.972,0.956,0.971,16695100,1266072051,无,0,0,0,无,0,0,,下降趋势,-24.5
sh513310,中韩半导体ETF,2023-01-05 00:00:00,0.975,0.979,0.972,0.975,9801300,1259462613,无,0,0,0,无,0,0,,下降趋势,41.6
sh513310,中韩半导体ETF,2023-01-06 00:00:00,0.974,0.991,0.972,0.986,13338100,1263034803,无,0,0,0,无,0,0,,震荡偏空,87.8
sh513310,中韩半导体ETF,2023-01-09 00:00:00,0.997,1.005,0.992,0.999,37575500,1276061519,无,0,0,0,无,0,0,,震荡偏空,160.3
sh513310,中韩半导体ETF,2023-01-10 00:00:00,0.999,1.009,0.998,1.007,50740400,1279439788,无,0,0,0,无,0,0,金叉,上升趋势,160.3
sh513310,中韩半导体ETF,2023-01-11 00:00:00,1.01,1.016,1.001,1.005,22616600,1269702782,无,0,0,0,无,0,0,,上升趋势,142.9
sh513310,中韩半导体ETF,2023-01-12 00:00:00,1.006,1.01,0.999,1.003,10279100,1260203134,无,0,0,0,无,0,0,,上升趋势,105.0
sh513310,中韩半导体ETF,2023-01-13 00:00:00,1.009,1.01,0.998,1.0,6689600,1254921800,无,0,0,0,无,0,0,,上升趋势,84.8
sh513310,中韩半导体ETF,2023-01-16 00:00:00,1.001,1.015,0.992,1.015,24783400,1270801408,无,0,0,0,无,0,0,,上升趋势,88.7
sh513310,中韩半导体ETF,2023-01-17 00:00:00,1.017,1.035,1.012,1.027,28228600,1272787428,无,0,0,0,无,0,0,,上升趋势,128.5
sh513310,中韩半导体ETF,2023-01-18 00:00:00,1.029,1.029,1.015,1.025,12947900,1263167657,无,0,0,0,无,0,0,,上升趋势,104.4
sh513310,中韩半导体ETF,2023-01-19 00:00:00,1.025,1.058,1.025,1.049,23019500,1270254038,无,0,0,0,无,0,0,,上升趋势,152.3
sh513310,中韩半导体ETF,2023-01-20 00:00:00,1.055,1.063,1.045,1.054,9256200,1259641246,无,0,0,0,无,0,0,,上升趋势,165.8
sh513310,中韩半导体ETF,2023-01-30 00:00:00,1.076,1.08,1.054,1.069,17077700,1267415237,无,0,0,0,无,0,0,,上升趋势,168.5
sh513310,中韩半导体ETF,2023-01-31 00:00:00,1.068,1.068,1.041,1.044,7269500,1256809240,无,0,0,0,无,0,0,,上升趋势,98.2
sh513310,中韩半导体ETF,2023-02-01 00:00:00,1.05,1.058,1.044,1.055,8869300,1259230892,无,0,0,0,无,0,1,,上升趋势,88.0
sh513310,中韩半导体ETF,2023-02-02 00:00:00,1.071,1.089,1.064,1.08,26715000,1272684339,无,0,0,0,无,0,0,,上升趋势,133.3
sh513310,中韩半导体ETF,2023-02-03 00:00:00,1.078,1.087,1.069,1.081,14517500,1265538795,无,0,0,0,无,0,0,,上升趋势,114.9
sh513310,中韩半导体ETF,2023-02-06 00:00:00,1.071,1.073,1.054,1.054,8292300,1258728492,无,0,0,0,无,0,0,,上升趋势,57.2
sh513310,中韩半导体ETF,2023-02-07 00:00:00,1.055,1.065,1.05,1.055,7150400,1256612440,无,0,0,0,无,0,0,,上升趋势,40.9
sh513310,中韩半导体ETF,2023-02-08 00:00:00,1.067,1.071,1.06,1.061,7189600,1256830110,无,0,0,0,无,0,0,,上升趋势,57.0
sh513310,中韩半导体ETF,2023-02-09 00:00:00,1.055,1.079,1.047,1.079,17909200,1267854100,无,0,0,0,无,0,0,,上升趋势,68.2
sh513310,中韩半导体ETF,2023-02-10 00:00:00,1.079,1.079,1.066,1.071,11279900,1261995573,无,0,0,0,无,0,0,,上升趋势,77.6
sh513310,中韩半导体ETF,2023-02-13 00:00:00,1.068,1.077,1.057,1.065,10039000,1260635027,无,0,0,0,无,0,0,,上升趋势,39.7
sh513310,中韩半导体ETF,2023-02-14 00:00:00,1.075,1.089,1.058,1.075,13212100,1264118549,无,0,0,0,无,0,0,,上升趋势,80.0
sh513310,中韩半导体ETF,2023-02-15 00:00:00,1.08,1.08,1.066,1.071,13327200,1264170701,无,0,0,0,无,0,0,,震荡偏多,59.8
sh513310,中韩半导体ETF,2023-02-16 00:00:00,1.074,1.088,1.065,1.071,20009200,1269090192,无,0,0,0,无,0,0,,震荡偏多,71.8
sh513310,中韩半导体ETF,2023-02-17 00:00:00,1.07,1.07,1.039,1.04,11298900,1261781052,无,0,0,0,无,0,0,,震荡偏多,-124.8
sh513310,中韩半导体ETF,2023-02-20 00:00:00,1.041,1.051,1.041,1.05,7300200,1256779642,无,0,0,0,无,0,0,,震荡偏多,-136.2
sh513310,中韩半导体ETF,2023-02-21 00:00:00,1.045,1.049,1.04,1.042,4503500,1250916114,无,0,0,0,无,0,0,,震荡偏多,-147.4
sh513310,中韩半导体ETF,2023-02-22 00:00:00,1.032,1.042,1.026,1.026,10673400,1260873286,无,0,0,0,无,0,0,,震荡偏多,-176.7
sh513310,中韩半导体ETF,2023-02-23 00:00:00,1.031,1.041,1.031,1.037,9026000,1259261145,无,0,0,0,无,0,0,,震荡偏多,-120.7
sh513310,中韩半导体ETF,2023-02-24 00:00:00,1.042,1.051,1.03,1.032,9367200,1259650535,无,0,0,0,无,0,0,,震荡偏多,-94.2
sh513310,中韩半导体ETF,2023-02-27 00:00:00,1.029,1.029,1.013,1.013,5954600,1253635442,无,0,0,0,无,0,0,,震荡偏多,-146.4
sh513310,中韩半导体ETF,2023-02-28 00:00:00,1.02,1.023,1.008,1.015,6982700,1255688060,无,0,0,0,无,0,0,,下降趋势,-131.9
sh513310,中韩半导体ETF,2023-03-01 00:00:00,1.015,1.019,1.014,1.018,9012000,1259066002,无,0,0,0,无,0,0,,下降趋势,-108.6
sh513310,中韩半导体ETF,2023-03-02 00:00:00,1.022,1.032,1.017,1.017,11709100,1261907542,无,0,0,0,无,0,0,,下降趋势,-79.5
sh513310,中韩半导体ETF,2023-03-03 00:00:00,1.032,1.036,1.023,1.031,13461700,1263773354,无,0,0,0,无,0,0,,下降趋势,-42.5
sh513310,中韩半导体ETF,2023-03-06 00:00:00,1.032,1.053,1.032,1.05,13269800,1263733137,无,0,0,0,无,0,0,,下降趋势,29.5
sh513310,中韩半导体ETF,2023-03-07 00:00:00,1.042,1.049,1.032,1.033,9315500,1259589285,无,0,0,0,无,0,0,,下降趋势,10.3
sh513310,中韩半导体ETF,2023-03-08 00:00:00,1.017,1.036,1.017,1.026,7414500,1256731194,无,0,0,0,无,0,0,,下降趋势,-43.4
sh513310,中韩半导体ETF,2023-03-09 00:00:00,1.03,1.041,1.026,1.028,13734500,1264096977,无,0,0,0,无,0,0,,下降趋势,1.9
sh513310,中韩半导体ETF,2023-03-10 00:00:00,1.018,1.022,1.008,1.01,9393200,1259450341,无,0,0,0,无,0,0,,下降趋势,-118.6
sh513310,中韩半导体ETF,2023-03-13 00:00:00,1.01,1.018,1.002,1.013,5961400,1253555248,无,0,0,0,无,0,0,,下降趋势,-115.4
sh513310,中韩半导体ETF,2023-03-14 00:00:00,1.008,1.014,1.001,1.01,11114600,1261116645,无,0,0,0,无,0,0,死叉,下降趋势,-111.5
sh513310,中韩半导体ETF,2023-03-15 00:00:00,1.019,1.03,1.013,1.013,12404000,1262572227,无,0,0,0,无,0,0,,下降趋势,-36.0
sh513310,中韩半导体ETF,2023-03-16 00:00:00,1.019,1.03,1.014,1.019,11075400,1261234337,无,0,0,0,无,0,0,,下降趋势,-12.6
sh513310,中韩半导体ETF,2023-03-17 00:00:00,1.039,1.049,1.032,1.043,16380700,1266817684,无,0,0,0,无,0,0,,下降趋势,119.2
sh513310,中韩半导体ETF,2023-03-20 00:00:00,1.038,1.057,1.038,1.05,13416200,1264003950,无,0,0,0,无,0,0,金叉,震荡偏空,135.6
sh513310,中韩半导体ETF,2023-03-21 00:00:00,1.062,1.062,1.042,1.046,6697100,1255541576,无,0,0,0,无,0,0,,震荡偏空,120.2
sh513310,中韩半导体ETF,2023-03-22 00:00:00,1.049,1.053,1.047,1.053,7813000,1257929212,无,0,0,0,无,0,0,,上升趋势,105.7
sh513310,中韩半导体ETF,2023-03-23 00:00:00,1.061,1.087,1.055,1.086,24759200,1271589708,无,0,0,0,无,0,0,,上升趋势,177.5
sh513310,中韩半导体ETF,2023-03-24 00:00:00,1.092,1.1,1.084,1.097,13444000,1264605102,无,0,0,0,无,0,0,,上升趋势,194.7
sh513310,中韩半导体ETF,2023-03-27 00:00:00,1.1,1.102,1.077,1.08,8123500,1258717407,无,0,0,0,无,0,0,,上升趋势,133.1
sh513310,中韩半导体ETF,2023-03-28 00:00:00,1.08,1.096,1.08,1.086,6747500,1256194860,无,0,0,0,无,0,0,,上升趋势,112.2
sh513310,中韩半导体ETF,2023-03-29 00:00:00,1.081,1.112,1.08,1.103,16978200,1267622068,无,0,0,0,无,0,0,,上升趋势,117.5
sh513310,中韩半导体ETF,2023-03-30 00:00:00,1.109,1.128,1.109,1.122,20573500,1269824362,无,0,0,0,无,0,0,,上升趋势,134.8
sh513310,中韩半导体ETF,2023-03-31 00:00:00,1.127,1.145,1.127,1.134,17495900,1268241510,无,0,0,0,无,0,0,,上升趋势,139.6
sh513310,中韩半导体ETF,2023-04-03 00:00:00,1.133,1.154,1.131,1.152,26311512,1273340028,无,0,0,0,无,0,0,,上升趋势,140.1
sh513310,中韩半导体ETF,2023-04-04 00:00:00,1.153,1.179,1.146,1.151,35333100,1276948278,无,0,0,0,无,0,0,,上升趋势,144.7
sh513310,中韩半导体ETF,2023-04-06 00:00:00,1.144,1.181,1.139,1.159,56716600,1283241515,无,0,0,0,无,0,0,,上升趋势,123.7
sh513310,中韩半导体ETF,2023-04-07 00:00:00,1.179,1.201,1.178,1.19,39388200,1278398997,无,0,0,0,无,0,0,,上升趋势,144.8
sh513310,中韩半导体ETF,2023-04-10 00:00:00,1.196,1.216,1.174,1.176,37722100,1277973203,无,0,0,0,无,0,0,,上升趋势,120.4
sh513310,中韩半导体ETF,2023-04-11 00:00:00,1.179,1.199,1.169,1.177,39132700,1278271110,无,0,0,0,无,0,1,,上升趋势,94.0
sh513310,中韩半导体ETF,2023-04-12 00:00:00,1.178,1.19,1.168,1.181,43777200,1279610750,无,0,0,0,无,0,0,,上升趋势,80.9
sh513310,中韩半导体ETF,2023-04-13 00:00:00,1.175,1.181,1.159,1.159,23325900,1271922836,无,0,0,0,无,0,0,,上升趋势,48.5
sh513310,中韩半导体ETF,2023-04-14 00:00:00,1.17,1.194,1.156,1.192,62525500,1284298227,无,0,0,0,无,0,0,,上升趋势,69.1
sh513310,中韩半导体ETF,2023-04-17 00:00:00,1.198,1.199,1.175,1.184,34122800,1276831909,无,0,0,0,无,0,0,,上升趋势,74.4
sh513310,中韩半导体ETF,2023-04-18 00:00:00,1.18,1.18,1.16,1.165,40255400,1278430072,无,0,0,0,无,0,0,,上升趋势,21.8
sh513310,中韩半导体ETF,2023-04-19 00:00:00,1.168,1.183,1.165,1.166,66683900,1284851150,无,0,0,0,无,0,0,,震荡偏多,19.7
sh513310,中韩半导体ETF,2023-04-20 00:00:00,1.163,1.183,1.157,1.175,68171700,1285080392,无,0,0,0,无,0,0,,震荡偏多,7.6
sh513310,中韩半导体ETF,2023-04-21 00:00:00,1.181,1.185,1.149,1.149,47239300,1280434752,无,0,0,0,无,0,0,,震荡偏多,-69.9
sh513310,中韩半导体ETF,2023-04-24 00:00:00,1.15,1.15,1.116,1.121,37383500,1277228126,无,0,0,0,无,0,0,,震荡偏多,-237.5
sh513310,中韩半导体ETF,2023-04-25 00:00:00,1.121,1.127,1.094,1.101,58769100,1282988265,无,0,0,0,无,0,0,,震荡偏多,-247.9
sh513310,中韩半导体ETF,2023-04-26 00:00:00,1.104,1.115,1.089,1.096,51979300,1280969944,无,0,0,0,无,0,0,,震荡偏多,-190.2
sh513310,中韩半导体ETF,2023-04-27 00:00:00,1.091,1.11,1.084,1.103,58933700,1282928730,无,0,0,0,无,0,0,,震荡偏多,-140.7
sh513310,中韩半导体ETF,2023-04-28 00:00:00,1.106,1.125,1.105,1.11,61627300,1283643452,无,0,0,0,无,0,0,,震荡偏多,-85.2
sh513310,中韩半导体ETF,2023-05-04 00:00:00,1.109,1.109,1.098,1.101,14219500,1265570869,无,0,0,0,无,0,0,,震荡偏多,-90.2
sh513310,中韩半导体ETF,2023-05-05 00:00:00,1.095,1.114,1.095,1.101,19111400,1268859922,无,0,0,0,无,0,0,,震荡偏多,-75.9
sh513310,中韩半导体ETF,2023-05-08 00:00:00,1.103,1.11,1.102,1.103,23882600,1271494119,无,0,0,0,无,0,0,,下降趋势,-63.4
sh513310,中韩半导体ETF,2023-05-09 00:00:00,1.102,1.102,1.078,1.078,33227000,1275718172,无,0,0,0,无,0,0,,下降趋势,-93.4
sh513310,中韩半导体ETF,2023-05-10 00:00:00,1.073,1.083,1.064,1.067,20187200,1269112144,无,0,0,0,无,0,0,,下降趋势,-116.3
sh513310,中韩半导体ETF,2023-05-11 00:00:00,1.073,1.081,1.064,1.064,21171400,1269656782,无,0,0,0,无,0,0,,下降趋势,-114.9
sh513310,中韩半导体ETF,2023-05-12 00:00:00,1.067,1.078,1.057,1.057,27010100,1272706290,无,0,0,0,无,0,0,死叉,下降趋势,-128.3
sh513310,中韩半导体ETF,2023-05-15 00:00:00,1.056,1.056,1.042,1.054,32760300,1275262573,无,0,0,0,无,0,0,,下降趋势,-150.2
sh513310,中韩半导体ETF,2023-05-16 00:00:00,1.059,1.072,1.056,1.067,39386700,1277158878,无,0,0,0,无,0,0,,下降趋势,-87.3
sh513310,中韩半导体ETF,2023-05-17 00:00:00,1.068,1.083,1.067,1.077,31959300,1275292845,无,0,0,0,无,0,0,,下降趋势,-41.3
sh513310,中韩半导体ETF,2023-05-18 00:00:00,1.084,1.094,1.083,1.091,23822000,1271265784,无,0,0,0,无,0,0,,下降趋势,16.0
sh513310,中韩半导体ETF,2023-05-19 00:00:00,1.107,1.134,1.107,1.13,46112400,1279644964,无,0,0,0,无,0,0,,震荡偏空,134.6
sh513310,中韩半导体ETF,2023-05-22 00:00:00,1.139,1.156,1.126,1.129,37813900,1277410606,无,0,0,0,无,0,0,金叉,震荡偏空,150.5
sh513310,中韩半导体ETF,2023-05-23 00:00:00,1.13,1.133,1.116,1.116,20080900,1269582170,无,0,0,0,无,0,0,,震荡偏空,96.6
sh513310,中韩半导体ETF,2023-05-24 00:00:00,1.107,1.121,1.104,1.112,51544900,1281038806,无,0,0,0,无,0,0,,震荡偏空,63.4
sh513310,中韩半导体ETF,2023-05-25 00:00:00,1.124,1.132,1.117,1.128,42428000,1278616432,无,0,0,0,无,0,0,,上升趋势,90.9
sh513310,中韩半导体ETF,2023-05-26 00:00:00,1.152,1.155,1.139,1.146,53793400,1282132765,无,0,0,0,无,0,0,,上升趋势,123.2
sh513310,中韩半导体ETF,2023-05-29 00:00:00,1.147,1.17,1.147,1.16,48656200,1280809462,无,0,0,0,无,0,0,,上升趋势,123.3
sh513310,中韩半导体ETF,2023-05-30 00:00:00,1.169,1.172,1.157,1.167,51770600,1281758800,无,0,0,0,无,0,0,,上升趋势,116.8
sh513310,中韩半导体ETF,2023-05-31 00:00:00,1.176,1.178,1.157,1.162,50680700,1281456096,无,0,0,0,无,0,0,,上升趋势,104.3
sh513310,中韩半导体ETF,2023-06-01 00:00:00,1.158,1.169,1.149,1.165,48543000,1280755036,无,0,0,0,无,0,0,,上升趋势,86.6
sh513310,中韩半导体ETF,2023-06-02 00:00:00,1.177,1.178,1.166,1.172,35747800,1277157072,无,0,0,0,无,0,0,,上升趋势,99.7
sh513310,中韩半导体ETF,2023-06-05 00:00:00,1.171,1.191,1.169,1.169,43027100,1279353034,无,0,0,0,无,0,0,,上升趋势,99.3
sh513310,中韩半导体ETF,2023-06-06 00:00:00,1.17,1.171,1.156,1.156,25183200,1272946850,无,0,0,0,无,0,0,,上升趋势,51.2
sh513310,中韩半导体ETF,2023-06-07 00:00:00,1.162,1.167,1.151,1.153,33299800,1276326438,无,0,0,0,无,0,0,,上升趋势,30.0
sh513310,中韩半导体ETF,2023-06-08 00:00:00,1.151,1.152,1.138,1.145,29963600,1275251284,无,0,0,0,无,0,0,,上升趋势,-22.1
sh513310,中韩半导体ETF,2023-06-09 00:00:00,1.154,1.179,1.153,1.178,37020100,1277459016,无,0,0,0,无,0,0,,上升趋势,71.5
sh513310,中韩半导体ETF,2023-06-12 00:00:00,1.178,1.189,1.172,1.172,21083400,1270692562,无,0,0,0,无,0,0,,上升趋势,100.2
sh513310,中韩半导体ETF,2023-06-13 00:00:00,1.188,1.22,1.18,1.219,58092800,1283815718,无,0,0,0,无,0,0,,上升趋势,224.7
sh513310,中韩半导体ETF,2023-06-14 00:00:00,1.229,1.229,1.215,1.218,40698600,1279083008,无,0,0,0,无,0,0,,上升趋势,231.3
sh513310,中韩半导体ETF,2023-06-15 00:00:00,1.223,1.227,1.216,1.219,22947300,1272299461,无,0,0,0,无,0,0,,上升趋势,169.9
sh513310,中韩半导体ETF,2023-06-16 00:00:00,1.22,1.235,1.215,1.234,31401600,1276285064,无,0,0,0,无,0,0,,上升趋势,144.2
sh513310,中韩半导体ETF,2023-06-19 00:00:00,1.238,1.243,1.214,1.22,42033100,1279512693,无,0,0,0,无,0,0,,上升趋势,107.5
sh513310,中韩半导体ETF,2023-06-20 00:00:00,1.22,1.226,1.213,1.219,25862800,1274071184,无,0,0,0,无,0,0,,上升趋势,75.9
sh513310,中韩半导体ETF,2023-06-21 00:00:00,1.212,1.218,1.181,1.182,15906700,1267820764,无,0,0,0,无,0,1,,上升趋势,7.1
sh513310,中韩半导体ETF,2023-06-26 00:00:00,1.183,1.193,1.168,1.183,28521600,1275098090,无,0,0,0,无,0,0,,震荡偏多,-27.7
sh513310,中韩半导体ETF,2023-06-27 00:00:00,1.182,1.188,1.175,1.182,16711200,1268170960,无,0,0,0,无,0,0,,震荡偏多,-28.3
sh513310,中韩半导体ETF,2023-06-28 00:00:00,1.195,1.196,1.171,1.186,38513300,1278100040,无,0,0,0,无,0,0,,震荡偏多,-27.5
sh513310,中韩半导体ETF,2023-06-29 00:00:00,1.188,1.205,1.183,1.183,36344100,1277523161,无,0,0,0,无,0,0,,震荡偏多,-18.5
sh513310,中韩半导体ETF,2023-06-30 00:00:00,1.178,1.19,1.175,1.184,20527900,1270450870,无,0,0,0,无,0,0,,震荡偏多,-57.4
sh513310,中韩半导体ETF,2023-07-03 00:00:00,1.197,1.21,1.195,1.202,19049400,1269726416,无,0,0,0,无,0,0,,震荡偏多,5.1
sh513310,中韩半导体ETF,2023-07-04 00:00:00,1.205,1.228,1.2,1.217,40710000,1279048734,无,0,0,0,无,0,0,,震荡偏多,48.0
sh513310,中韩半导体ETF,2023-07-05 00:00:00,1.218,1.22,1.208,1.211,23732600,1272716148,无,0,0,0,无,0,0,,震荡偏多,36.3
sh513310,中韩半导体ETF,2023-07-06 00:00:00,1.206,1.21,1.193,1.193,18484800,1269400067,无,0,0,0,无,0,0,,震荡偏多,-17.5
sh513310,中韩半导体ETF,2023-07-07 00:00:00,1.186,1.186,1.168,1.17,20115700,1270097068,无,0,0,0,无,0,0,,震荡偏多,-107.5
sh513310,中韩半导体ETF,2023-07-10 00:00:00,1.17,1.178,1.165,1.166,19184100,1269542484,无,0,0,0,无,0,0,,震荡偏多,-115.8
sh513310,中韩半导体ETF,2023-07-11 00:00:00,1.173,1.203,1.173,1.202,42702800,1279411378,无,0,0,0,无,0,0,,震荡偏多,-0.9
sh513310,中韩半导体ETF,2023-07-12 00:00:00,1.205,1.205,1.193,1.195,21376000,1271090542,无,0,0,0,无,0,0,,震荡偏多,40.2
sh513310,中韩半导体ETF,2023-07-13 00:00:00,1.21,1.229,1.205,1.224,36494600,1277819762,无,0,0,0,无,0,0,,震荡偏多,140.2
sh513310,中韩半导体ETF,2023-07-14 00:00:00,1.241,1.256,1.241,1.244,33438300,1277125390,无,0,0,0,无,0,0,,上升趋势,211.6
sh513310,中韩半导体ETF,2023-07-17 00:00:00,1.25,1.251,1.237,1.247,14824700,1267519806,无,0,0,0,无,0,0,,上升趋势,156.0
sh513310,中韩半导体ETF,2023-07-18 00:00:00,1.252,1.257,1.242,1.245,36543800,1278088651,无,0,0,0,无,0,0,,上升趋势,131.4
sh513310,中韩半导体ETF,2023-07-19 00:00:00,1.245,1.246,1.222,1.228,27571000,1275152749,无,0,0,0,无,0,0,,上升趋势,68.7
sh513310,中韩半导体ETF,2023-07-20 00:00:00,1.228,1.232,1.217,1.222,26493100,1274513214,无,0,0,0,无,0,0,,上升趋势,36.1
sh513310,中韩半导体ETF,2023-07-21 00:00:00,1.205,1.209,1.19,1.199,24597100,1273053236,无,0,0,0,无,0,1,,震荡偏多,-43.2
sh513310,中韩半导体ETF,2023-07-24 00:00:00,1.185,1.197,1.185,1.197,15547100,1267567118,无,0,0,0,无,0,0,,震荡偏多,-55.5
sh513310,中韩半导体ETF,2023-07-25 00:00:00,1.201,1.212,1.19,1.199,48612100,1281235092,无,0,0,0,无,0,0,,震荡偏多,-29.4
sh513310,中韩半导体ETF,2023-07-26 00:00:00,1.2,1.2,1.186,1.191,43467300,1279625231,无,0,0,0,无,0,0,,震荡偏多,-51.3
sh513310,中韩半导体ETF,2023-07-27 00:00:00,1.197,1.219,1.196,1.215,60507200,1284220374,无,0,0,0,无,0,0,,震荡偏多,-7.0
sh513310,中韩半导体ETF,2023-07-28 00:00:00,1.213,1.232,1.208,1.231,58112300,1283938772,无,0,0,0,无,0,0,,震荡偏多,28.2
sh513310,中韩半导体ETF,2023-07-31 00:00:00,1.235,1.243,1.229,1.233,48743300,1281738394,无,0,0,0,无,0,0,,震荡偏多,61.4
sh513310,中韩半导体ETF,2023-08-01 00:00:00,1.232,1.244,1.225,1.243,42298300,1279735022,无,0,0,0,无,0,0,,上升趋势,61.8
sh513310,中韩半导体ETF,2023-08-02 00:00:00,1.238,1.243,1.215,1.217,43526800,1280034690,无,0,0,0,无,0,0,,震荡偏多,11.0
sh513310,中韩半导体ETF,2023-08-03 00:00:00,1.211,1.221,1.201,1.22,24044400,1272882198,无,0,0,0,无,0,0,,震荡偏多,-25.0
sh513310,中韩半导体ETF,2023-08-04 00:00:00,1.223,1.225,1.207,1.208,26640900,1274454032,无,0,0,0,无,0,0,,震荡偏多,-19.9
sh513310,中韩半导体ETF,2023-08-07 00:00:00,1.211,1.22,1.206,1.207,23214400,1272377876,无,0,0,0,无,0,0,,震荡偏多,-21.5
sh513310,中韩半导体ETF,2023-08-08 00:00:00,1.198,1.209,1.194,1.196,12861700,1265327183,无,0,0,0,无,0,0,,震荡偏多,-73.1
sh513310,中韩半导体ETF,2023-08-09 00:00:00,1.194,1.2,1.191,1.191,9420500,1261157503,无,0,0,0,无,0,0,,震荡偏多,-90.6
sh513310,中韩半导体ETF,2023-08-10 00:00:00,1.174,1.189,1.174,1.183,33627800,1276606309,无,0,0,0,无,0,0,,下降趋势,-134.7
sh513310,中韩半导体ETF,2023-08-11 00:00:00,1.189,1.191,1.163,1.164,18299800,1269033020,无,0,0,0,无,0,0,,下降趋势,-154.6
sh513310,中韩半导体ETF,2023-08-14 00:00:00,1.159,1.159,1.147,1.156,9423200,1260767224,无,0,0,0,无,0,0,,下降趋势,-177.8
sh513310,中韩半导体ETF,2023-08-15 00:00:00,1.168,1.168,1.139,1.146,22404800,1271174886,无,0,0,0,无,0,0,死叉,下降趋势,-151.1
sh513310,中韩半导体ETF,2023-08-16 00:00:00,1.14,1.15,1.128,1.128,15471600,1267099178,无,0,0,0,无,0,0,,下降趋势,-150.7
sh513310,中韩半导体ETF,2023-08-17 00:00:00,1.123,1.134,1.115,1.13,28026100,1274085518,无,0,0,0,无,0,0,,下降趋势,-137.0
sh513310,中韩半导体ETF,2023-08-18 00:00:00,1.141,1.15,1.135,1.135,34511500,1276542146,无,0,0,0,无,0,0,,下降趋势,-91.7
sh513310,中韩半导体ETF,2023-08-21 00:00:00,1.135,1.142,1.128,1.129,21452300,1270471498,无,0,0,0,无,0,0,,下降趋势,-92.1
sh513310,中韩半导体ETF,2023-08-22 00:00:00,1.136,1.14,1.115,1.132,34592000,1276442954,无,0,0,0,无,0,0,,下降趋势,-87.6
sh513310,中韩半导体ETF,2023-08-23 00:00:00,1.133,1.133,1.116,1.118,18188588,1268523418,无,0,0,0,无,0,0,,下降趋势,-90.7
sh513310,中韩半导体ETF,2023-08-24 00:00:00,1.145,1.153,1.136,1.148,51914300,1281587032,无,0,0,0,无,0,0,,下降趋势,-29.8
sh513310,中韩半导体ETF,2023-08-25 00:00:00,1.135,1.136,1.119,1.122,19387600,1269199654,无,0,0,0,无,0,0,,下降趋势,-78.7
sh513310,中韩半导体ETF,2023-08-28 00:00:00,1.168,1.169,1.125,1.126,37753200,1277423478,无,0,0,0,无,0,0,,下降趋势,-25.0
sh513310,中韩半导体ETF,2023-08-29 00:00:00,1.13,1.159,1.13,1.155,66168800,1284560698,无,0,0,0,无,0,0,,下降趋势,23.7
sh513310,中韩半导体ETF,2023-08-30 00:00:00,1.177,1.191,1.172,1.172,68881000,1285248740,无,0,0,0,无,1,0,,震荡偏空,179.6
sh513310,中韩半导体ETF,2023-08-31 00:00:00,1.18,1.185,1.17,1.182,59296100,1283820742,无,0,0,0,无,0,0,,震荡偏空,173.8
sh513310,中韩半导体ETF,2023-09-01 00:00:00,1.193,1.197,1.181,1.191,40994700,1278868348,无,0,0,0,无,0,0,,震荡偏空,175.5
sh513310,中韩半导体ETF,2023-09-04 00:00:00,1.196,1.203,1.182,1.202,49658500,1281482939,无,0,0,0,无,0,0,,震荡偏空,148.6
sh513310,中韩半导体ETF,2023-09-05 00:00:00,1.204,1.213,1.197,1.198,74831600,1286349418,无,0,0,0,无,0,0,,震荡偏空,129.5
sh513310,中韩半导体ETF,2023-09-06 00:00:00,1.193,1.205,1.187,1.203,64490200,1284725744,无,0,0,0,无,0,0,金叉,上升趋势,96.8
sh513310,中韩半导体ETF,2023-09-07 00:00:00,1.199,1.199,1.176,1.177,34428800,1276872474,无,0,0,0,无,0,0,,上升趋势,52.9
sh513310,中韩半导体ETF,2023-09-08 00:00:00,1.166,1.177,1.163,1.17,52732700,1282092452,无,0,0,0,无,0,0,,上升趋势,13.4
sh513310,中韩半导体ETF,2023-09-11 00:00:00,1.166,1.169,1.155,1.165,41545400,1278777076,无,0,0,0,无,0,0,死叉,上升趋势,-12.6
sh513310,中韩半导体ETF,2023-09-12 00:00:00,1.164,1.165,1.156,1.161,23074400,1271699256,无,0,0,0,无,0,0,,震荡偏空,-31.9
sh513310,中韩半导体ETF,2023-09-13 00:00:00,1.165,1.168,1.149,1.154,22005900,1271042128,无,0,0,0,无,0,0,,震荡偏空,-49.1
sh513310,中韩半导体ETF,2023-09-14 00:00:00,1.161,1.162,1.154,1.16,26360500,1273555376,无,0,0,0,无,0,0,,下降趋势,-58.9
sh513310,中韩半导体ETF,2023-09-15 00:00:00,1.161,1.179,1.157,1.172,46822400,1280385800,无,0,0,0,无,0,0,,震荡偏空,-27.8
sh513310,中韩半导体ETF,2023-09-18 00:00:00,1.158,1.164,1.148,1.149,25824900,1273179449,无,0,0,0,无,0,0,,下降趋势,-105.3
sh513310,中韩半导体ETF,2023-09-19 00:00:00,1.153,1.153,1.142,1.144,29181700,1275037642,无,0,0,0,无,0,0,,下降趋势,-116.3
sh513310,中韩半导体ETF,2023-09-20 00:00:00,1.142,1.146,1.133,1.133,22658500,1271184192,无,0,0,0,无,0,0,,下降趋势,-130.9
sh513310,中韩半导体ETF,2023-09-21 00:00:00,1.12,1.124,1.114,1.115,23961200,1271687562,无,0,0,0,无,0,0,,下降趋势,-173.5
sh513310,中韩半导体ETF,2023-09-22 00:00:00,1.114,1.135,1.112,1.133,36589000,1276984196,无,0,0,0,无,0,0,,下降趋势,-125.5
sh513310,中韩半导体ETF,2023-09-25 00:00:00,1.138,1.139,1.129,1.134,18266900,1268650092,无,0,0,0,无,0,0,,下降趋势,-85.5
sh513310,中韩半导体ETF,2023-09-26 00:00:00,1.128,1.13,1.111,1.112,19049000,1268931862,无,0,0,0,无,0,0,,下降趋势,-126.1
sh513310,中韩半导体ETF,2023-09-27 00:00:00,1.108,1.121,1.107,1.117,25696300,1272603832,无,0,0,0,无,0,0,,下降趋势,-115.5
sh513310,中韩半导体ETF,2023-09-28 00:00:00,1.121,1.125,1.112,1.118,37329900,1277122516,无,0,0,0,无,0,0,,下降趋势,-87.8
sh513310,中韩半导体ETF,2023-10-09 00:00:00,1.119,1.136,1.118,1.132,23409200,1271498952,无,0,0,0,无,0,0,,下降趋势,-40.9
sh513310,中韩半导体ETF,2023-10-10 00:00:00,1.15,1.15,1.133,1.134,23037600,1271459165,无,0,0,0,无,0,0,,下降趋势,8.7
sh513310,中韩半导体ETF,2023-10-11 00:00:00,1.15,1.163,1.148,1.156,34550500,1276662372,无,0,0,0,无,1,0,,震荡偏空,86.2
sh513310,中韩半导体ETF,2023-10-12 00:00:00,1.165,1.178,1.16,1.177,27831400,1274558209,无,0,0,0,无,0,0,,震荡偏空,145.7
sh513310,中韩半导体ETF,2023-10-13 00:00:00,1.172,1.181,1.166,1.171,33087000,1276394011,无,0,0,0,无,0,0,,震荡偏空,146.4
sh513310,中韩半导体ETF,2023-10-16 00:00:00,1.164,1.168,1.145,1.147,14009100,1266015425,无,0,0,0,无,0,0,,震荡偏空,64.6
sh513310,中韩半导体ETF,2023-10-17 00:00:00,1.154,1.179,1.154,1.176,25163600,1273007218,无,0,0,0,无,0,0,,震荡偏空,112.4
sh513310,中韩半导体ETF,2023-10-18 00:00:00,1.175,1.185,1.169,1.17,28056100,1274780372,无,0,0,0,无,0,0,,上升趋势,105.2
sh513310,中韩半导体ETF,2023-10-19 00:00:00,1.158,1.173,1.151,1.153,30935300,1275677233,无,0,0,0,无,0,0,,上升趋势,45.7
sh513310,中韩半导体ETF,2023-10-20 00:00:00,1.14,1.152,1.137,1.142,19551000,1269470744,无,0,0,0,无,0,0,,震荡偏空,-10.7
sh513310,中韩半导体ETF,2023-10-23 00:00:00,1.142,1.147,1.125,1.127,18620700,1268840196,无,0,0,0,无,0,0,,震荡偏空,-48.5
sh513310,中韩半导体ETF,2023-10-24 00:00:00,1.134,1.155,1.124,1.153,35718000,1276898818,无,0,0,0,无,0,0,,震荡偏空,-17.7
sh513310,中韩半导体ETF,2023-10-25 00:00:00,1.163,1.165,1.151,1.152,31409100,1275755074,无,0,0,0,无,0,0,,震荡偏空,21.2
sh513310,中韩半导体ETF,2023-10-26 00:00:00,1.132,1.14,1.117,1.122,30691900,1275329408,无,0,0,0,无,0,0,,下降趋势,-123.2
sh513310,中韩半导体ETF,2023-10-27 00:00:00,1.125,1.141,1.121,1.136,44702300,1279354026,无,0,0,0,无,0,0,,下降趋势,-96.4
sh513310,中韩半导体ETF,2023-10-30 00:00:00,1.14,1.175,1.139,1.17,47763800,1280599950,无,0,0,0,无,0,0,,震荡偏空,38.9
sh513310,中韩半导体ETF,2023-10-31 00:00:00,1.163,1.173,1.15,1.152,26976300,1273911164,无,0,0,0,无,0,0,,震荡偏空,22.1
sh513310,中韩半导体ETF,2023-11-01 00:00:00,1.161,1.166,1.153,1.157,35588900,1276994500,无,0,0,0,无,0,0,,震荡偏空,30.3
sh513310,中韩半导体ETF,2023-11-02 00:00:00,1.186,1.19,1.18,1.184,30021000,1275577438,无,0,0,0,无,0,0,,上升趋势,158.0
sh513310,中韩半导体ETF,2023-11-03 00:00:00,1.192,1.21,1.19,1.204,45341600,1280302545,无,0,0,0,无,0,0,金叉,上升趋势,188.8
sh513310,中韩半导体ETF,2023-11-06 00:00:00,1.238,1.251,1.217,1.25,84336500,1288107710,无,0,0,0,无,0,0,,上升趋势,238.6
sh513310,中韩半导体ETF,2023-11-07 00:00:00,1.24,1.254,1.232,1.241,56782000,1283890390,无,0,0,0,无,0,0,,上升趋势,176.3
sh513310,中韩半导体ETF,2023-11-08 00:00:00,1.24,1.251,1.233,1.235,47874800,1281566727,无,0,0,0,无,0,0,,上升趋势,128.3
sh513310,中韩半导体ETF,2023-11-09 00:00:00,1.238,1.248,1.233,1.234,24389000,1273396306,无,0,0,0,无,0,0,,上升趋势,102.3
sh513310,中韩半导体ETF,2023-11-10 00:00:00,1.23,1.244,1.226,1.235,33390900,1277006854,无,0,0,0,无,0,0,,上升趋势,81.8
sh513310,中韩半导体ETF,2023-11-13 00:00:00,1.243,1.247,1.222,1.226,26374300,1274516698,无,0,0,0,无,0,0,,上升趋势,65.2
sh513310,中韩半导体ETF,2023-11-14 00:00:00,1.232,1.233,1.222,1.227,24375900,1273256602,无,0,0,0,无,0,1,,上升趋势,50.4
sh513310,中韩半导体ETF,2023-11-15 00:00:00,1.25,1.254,1.242,1.244,28203000,1275478828,无,0,0,0,无,0,0,,上升趋势,75.7
sh513310,中韩半导体ETF,2023-11-16 00:00:00,1.245,1.246,1.232,1.24,18829400,1269945172,无,0,0,0,无,0,0,,上升趋势,55.4
sh513310,中韩半导体ETF,2023-11-17 00:00:00,1.244,1.25,1.237,1.241,25303900,1274010138,无,0,0,0,无,0,0,,上升趋势,58.3
sh513310,中韩半导体ETF,2023-11-20 00:00:00,1.239,1.24,1.227,1.233,23558500,1272824558,无,0,0,0,无,0,0,,上升趋势,26.7
sh513310,中韩半导体ETF,2023-11-21 00:00:00,1.238,1.243,1.226,1.228,17648000,1269201000,无,0,0,0,无,0,1,,上升趋势,7.8
sh513310,中韩半导体ETF,2023-11-22 00:00:00,1.227,1.227,1.214,1.214,11581300,1264024105,无,0,0,0,无,0,0,,震荡偏多,-125.4
sh513310,中韩半导体ETF,2023-11-23 00:00:00,1.21,1.219,1.207,1.213,16650500,1268391298,无,0,0,0,无,0,0,,震荡偏多,-200.5
sh513310,中韩半导体ETF,2023-11-24 00:00:00,1.214,1.214,1.202,1.202,10879100,1263033633,无,0,0,0,无,0,0,,震荡偏多,-191.7
sh513310,中韩半导体ETF,2023-11-27 00:00:00,1.208,1.222,1.207,1.222,20425000,1270695582,无,0,0,0,无,0,0,,震荡偏多,-88.8
sh513310,中韩半导体ETF,2023-11-28 00:00:00,1.227,1.237,1.225,1.236,15889800,1268074024,无,0,0,0,无,0,0,,震荡偏多,22.0
sh513310,中韩半导体ETF,2023-11-29 00:00:00,1.242,1.243,1.229,1.231,14170900,1267035563,无,0,0,0,无,0,0,,震荡偏多,36.6
sh513310,中韩半导体ETF,2023-11-30 00:00:00,1.233,1.245,1.226,1.242,19240200,1270183962,无,0,0,0,无,0,0,,震荡偏多,58.4
sh513310,中韩半导体ETF,2023-12-01 00:00:00,1.232,1.233,1.218,1.228,15113700,1267545937,无,0,0,0,无,0,0,,震荡偏多,-19.2
sh513310,中韩半导体ETF,2023-12-04 00:00:00,1.232,1.233,1.216,1.217,9911100,1262043809,无,0,0,0,无,0,0,,震荡偏多,-44.9
sh513310,中韩半导体ETF,2023-12-05 00:00:00,1.211,1.211,1.178,1.179,23830300,1272446394,无,0,0,0,无,0,0,,震荡偏多,-200.9
sh513310,中韩半导体ETF,2023-12-06 00:00:00,1.182,1.192,1.182,1.186,10535300,1262417331,无,0,0,0,无,0,0,,震荡偏多,-168.4
sh513310,中韩半导体ETF,2023-12-07 00:00:00,1.179,1.182,1.169,1.171,11022900,1262844888,向上,1,1,0,start,0,0,,下降趋势,-176.8
sh513310,中韩半导体ETF,2023-12-08 00:00:00,1.191,1.198,1.187,1.196,14316800,1266826129,向上,1,0,0,start,0,0,,下降趋势,-78.2
sh513310,中韩半导体ETF,2023-12-11 00:00:00,1.194,1.207,1.183,1.204,16984200,1268453494,向上,1,0,0,start,0,0,,下降趋势,-50.8
sh513310,中韩半导体ETF,2023-12-12 00:00:00,1.209,1.214,1.204,1.21,14909100,1267300894,向上,1,0,0,start,0,0,,下降趋势,-2.8
sh513310,中韩半导体ETF,2023-12-13 00:00:00,1.215,1.217,1.202,1.203,14751400,1267227534,向上,1,0,0,mid,0,0,,下降趋势,-9.4
sh513310,中韩半导体ETF,2023-12-14 00:00:00,1.221,1.233,1.216,1.224,18007400,1269319338,向上,1,0,0,mid,0,0,,震荡偏多,53.1
sh513310,中韩半导体ETF,2023-12-15 00:00:00,1.234,1.234,1.213,1.214,21081800,1271162482,向上,1,0,0,mid,0,0,,震荡偏多,35.8
sh513310,中韩半导体ETF,2023-12-18 00:00:00,1.213,1.218,1.21,1.211,13273800,1266024163,向上,1,0,0,mid,0,0,,震荡偏多,13.9
sh513310,中韩半导体ETF,2023-12-19 00:00:00,1.212,1.223,1.209,1.218,25441900,1273763198,向上,1,0,0,end,0,0,,震荡偏多,37.5
sh513310,中韩半导体ETF,2023-12-20 00:00:00,1.222,1.226,1.22,1.223,12669800,1265401333,向上,1,0,0,end,0,0,,上升趋势,76.0
sh513310,中韩半导体ETF,2023-12-21 00:00:00,1.217,1.234,1.21,1.232,19714700,1270340000,向上,1,0,0,end,0,0,,上升趋势,88.2
sh513310,中韩半导体ETF,2023-12-22 00:00:00,1.238,1.248,1.223,1.224,21544488,1271596889,向下,1,1,1,start,0,0,,上升趋势,111.0
sh513310,中韩半导体ETF,2023-12-25 00:00:00,1.218,1.229,1.218,1.223,7232300,1258763162,向下,1,0,0,start,0,0,,上升趋势,63.9
sh513310,中韩半导体ETF,2023-12-26 00:00:00,1.222,1.223,1.207,1.211,10245800,1262312908,向下,1,0,0,start,0,0,,上升趋势,7.4
sh513310,中韩半导体ETF,2023-12-27 00:00:00,1.214,1.238,1.214,1.237,24444800,1273306978,向下,1,0,0,start,0,0,,上升趋势,98.0
sh513310,中韩半导体ETF,2023-12-28 00:00:00,1.239,1.241,1.225,1.237,31904400,1276530619,向下,1,0,0,start,0,0,,上升趋势,121.7
sh513310,中韩半导体ETF,2023-12-29 00:00:00,1.236,1.248,1.233,1.234,13806688,1266842742,向下,1,0,0,start,0,0,,上升趋势,143.2
sh513310,中韩半导体ETF,2024-01-02 00:00:00,1.235,1.237,1.224,1.228,13039300,1265951548,向下,1,0,0,start,0,0,,上升趋势,58.8
sh513310,中韩半导体ETF,2024-01-03 00:00:00,1.216,1.216,1.193,1.193,15236200,1267453524,向下,1,0,0,start,0,0,,震荡偏多,-203.6
sh513310,中韩半导体ETF,2024-01-04 00:00:00,1.188,1.194,1.177,1.183,10523800,1262339854,向下,1,0,0,start,0,0,,震荡偏多,-228.2
sh513310,中韩半导体ETF,2024-01-05 00:00:00,1.185,1.188,1.165,1.169,24891200,1272901758,向下,1,0,0,mid,0,0,,下降趋势,-202.0
sh513310,中韩半导体ETF,2024-01-08 00:00:00,1.173,1.174,1.147,1.148,10892000,1262470670,向下,0,0,0,mid,0,0,死叉,下降趋势,-194.1
sh513310,中韩半导体ETF,2024-01-09 00:00:00,1.167,1.169,1.144,1.152,26944800,1273875465,向下,0,0,0,mid,0,0,,下降趋势,-145.2
sh513310,中韩半导体ETF,2024-01-10 00:00:00,1.14,1.145,1.129,1.135,18482270,1268787130,向下,0,0,0,mid,0,0,,下降趋势,-148.7
sh513310,中韩半导体ETF,2024-01-11 00:00:00,1.138,1.15,1.135,1.148,21767800,1270737795,向下,0,0,0,mid,0,0,,下降趋势,-106.6
sh513310,中韩半导体ETF,2024-01-12 00:00:00,1.143,1.149,1.126,1.128,17704400,1268349871,向下,0,0,0,mid,0,0,,下降趋势,-106.5
sh513310,中韩半导体ETF,2024-01-15 00:00:00,1.125,1.14,1.119,1.124,25625600,1272774847,向下,0,0,0,mid,0,0,,下降趋势,-102.3
sh513310,中韩半导体ETF,2024-01-16 00:00:00,1.12,1.122,1.1,1.11,24327680,1271797308,向下,0,0,0,mid,0,0,,下降趋势,-114.1
sh513310,中韩半导体ETF,2024-01-17 00:00:00,1.106,1.108,1.082,1.084,20982200,1269763530,向下,0,0,0,mid,0,0,,下降趋势,-129.0
sh513310,中韩半导体ETF,2024-01-18 00:00:00,1.089,1.121,1.082,1.12,59163700,1282949414,向下,0,0,0,mid,0,0,,下降趋势,-93.1
sh513310,中韩半导体ETF,2024-01-19 00:00:00,1.131,1.149,1.131,1.144,54199700,1282137351,向下,0,0,0,mid,1,0,,下降趋势,-18.9
sh513310,中韩半导体ETF,2024-01-22 00:00:00,1.153,1.165,1.134,1.141,58802900,1283540838,向下,0,0,0,mid,0,0,,下降趋势,9.0
sh513310,中韩半导体ETF,2024-01-23 00:00:00,1.141,1.15,1.132,1.14,51334100,1281333572,向下,0,0,0,end,0,0,,下降趋势,4.8
sh513310,中韩半导体ETF,2024-01-24 00:00:00,1.141,1.143,1.112,1.137,55794400,1282365349,向下,0,0,0,end,0,0,,震荡偏空,-20.4
sh513310,中韩半导体ETF,2024-01-25 00:00:00,1.14,1.145,1.128,1.138,42551500,1278803793,向下,0,0,0,end,0,0,,震荡偏空,20.1
sh513310,中韩半导体ETF,2024-01-26 00:00:00,1.132,1.132,1.11,1.111,24173800,1271842133,向下,0,0,0,end,0,0,,震荡偏空,-60.7
sh513310,中韩半导体ETF,2024-01-29 00:00:00,1.121,1.132,1.101,1.103,22014600,1270553278,向下,0,0,0,end,0,0,,下降趋势,-73.2
sh513310,中韩半导体ETF,2024-01-30 00:00:00,1.102,1.102,1.082,1.085,23289400,1270988522,向下,0,0,0,end,0,0,,下降趋势,-140.3
sh513310,中韩半导体ETF,2024-01-31 00:00:00,1.08,1.08,1.055,1.056,31185900,1274918772,向下,0,0,0,end,0,0,,下降趋势,-190.6
sh513310,中韩半导体ETF,2024-02-01 00:00:00,1.053,1.077,1.049,1.054,65776000,1283807807,向下,0,0,0,end,0,0,,下降趋势,-160.1
sh513310,中韩半导体ETF,2024-02-02 00:00:00,1.071,1.073,1.034,1.052,40246100,1277279737,向下,0,0,0,end,0,0,,下降趋势,-141.7
sh513310,中韩半导体ETF,2024-02-05 00:00:00,1.044,1.05,1.017,1.037,59723100,1282123198,向上,0,1,1,start,0,0,,下降趋势,-143.3
sh513310,中韩半导体ETF,2024-02-06 00:00:00,1.042,1.082,1.032,1.075,89455300,1286960713,向上,0,0,0,start,0,0,,下降趋势,-73.1
sh513310,中韩半导体ETF,2024-02-07 00:00:00,1.079,1.087,1.063,1.069,61161100,1283143647,向上,0,0,0,start,1,0,,下降趋势,-46.5
sh513310,中韩半导体ETF,2024-02-08 00:00:00,1.09,1.119,1.082,1.114,101395000,1289114463,向上,0,0,0,start,0,0,,震荡偏空,21.1
sh513310,中韩半导体ETF,2024-02-19 00:00:00,1.153,1.156,1.12,1.133,61924200,1283838947,向上,0,0,0,start,0,0,,震荡偏空,89.3
sh513310,中韩半导体ETF,2024-02-20 00:00:00,1.132,1.134,1.116,1.125,32561600,1275829733,向上,0,0,0,start,0,0,,震荡偏空,70.2
sh513310,中韩半导体ETF,2024-02-21 00:00:00,1.12,1.138,1.115,1.122,77345600,1285991414,向上,0,0,0,start,0,0,,震荡偏空,72.1
sh513310,中韩半导体ETF,2024-02-22 00:00:00,1.136,1.156,1.134,1.151,88561200,1287759478,向上,0,0,0,start,0,0,,震荡偏空,116.5
sh513310,中韩半导体ETF,2024-02-23 00:00:00,1.17,1.171,1.148,1.151,52159600,1281767638,向上,0,0,0,start,0,0,,震荡偏空,120.5
sh513310,中韩半导体ETF,2024-02-26 00:00:00,1.154,1.168,1.152,1.155,56397600,1283031098,向上,0,0,0,start,0,0,,震荡偏空,106.7
sh513310,中韩半导体ETF,2024-02-27 00:00:00,1.157,1.178,1.146,1.177,99829900,1289636220,向上,1,0,0,start,0,0,,上升趋势,103.0
sh513310,中韩半导体ETF,2024-02-28 00:00:00,1.195,1.205,1.169,1.17,73609900,1286012029,向上,1,0,0,mid,0,0,,上升趋势,109.3
sh513310,中韩半导体ETF,2024-02-29 00:00:00,1.159,1.215,1.159,1.2,175519700,1296625859,向上,1,0,0,mid,0,0,金叉,上升趋势,112.7
sh513310,中韩半导体ETF,2024-03-01 00:00:00,1.206,1.217,1.2,1.21,121426500,1292648079,向上,1,0,0,mid,0,0,,上升趋势,126.8
sh513310,中韩半导体ETF,2024-03-04 00:00:00,1.236,1.25,1.23,1.243,103583400,1291146552,向上,1,0,0,mid,0,0,,上升趋势,162.8
sh513310,中韩半导体ETF,2024-03-05 00:00:00,1.238,1.252,1.231,1.236,114361900,1292343678,向上,1,0,0,mid,0,0,,上升趋势,139.6
sh513310,中韩半导体ETF,2024-03-06 00:00:00,1.23,1.241,1.221,1.233,69863000,1285814692,向上,1,0,0,mid,0,0,,上升趋势,106.6
sh513310,中韩半导体ETF,2024-03-07 00:00:00,1.237,1.243,1.216,1.217,71644900,1286088881,向上,1,0,0,mid,0,0,,上升趋势,82.0
sh513310,中韩半导体ETF,2024-03-08 00:00:00,1.235,1.253,1.234,1.25,119948700,1292789210,向上,0,0,0,mid,0,0,,上升趋势,101.3
sh513310,中韩半导体ETF,2024-03-11 00:00:00,1.24,1.256,1.231,1.255,72593200,1286362662,向上,0,0,0,mid,0,0,,上升趋势,90.5
sh513310,中韩半导体ETF,2024-03-12 00:00:00,1.25,1.27,1.25,1.257,82930900,1288129532,向上,0,0,0,mid,0,0,,上升趋势,100.2
sh513310,中韩半导体ETF,2024-03-13 00:00:00,1.268,1.269,1.251,1.252,52406800,1283180733,向上,0,0,0,mid,0,0,,上升趋势,87.1
sh513310,中韩半导体ETF,2024-03-14 00:00:00,1.245,1.246,1.231,1.236,41701800,1279594420,向上,1,0,0,mid,0,0,,上升趋势,39.8
sh513310,中韩半导体ETF,2024-03-15 00:00:00,1.231,1.231,1.214,1.226,39288700,1278693328,向上,1,0,0,mid,0,0,,上升趋势,-5.5
sh513310,中韩半导体ETF,2024-03-18 00:00:00,1.23,1.25,1.229,1.25,59985500,1284363155,向上,0,0,0,mid,0,0,,上升趋势,45.4
sh513310,中韩半导体ETF,2024-03-19 00:00:00,1.242,1.242,1.225,1.226,51139700,1282434713,向上,1,0,0,end,0,1,,震荡偏多,-17.1
sh513310,中韩半导体ETF,2024-03-20 00:00:00,1.231,1.239,1.231,1.235,38781200,1278658516,向上,1,0,0,end,0,0,,震荡偏多,-17.3
sh513310,中韩半导体ETF,2024-03-21 00:00:00,1.26,1.274,1.258,1.268,74525100,1286865776,向上,0,0,0,end,0,0,,震荡偏多,169.5
sh513310,中韩半导体ETF,2024-03-22 00:00:00,1.272,1.294,1.266,1.27,122759581,1293281174,向上,0,0,0,end,0,0,,上升趋势,173.6
sh513310,中韩半导体ETF,2024-03-25 00:00:00,1.279,1.28,1.256,1.257,46825889,1281544357,向上,0,0,0,end,0,0,,震荡偏多,89.8
sh513310,中韩半导体ETF,2024-03-26 00:00:00,1.274,1.286,1.272,1.275,80674800,1287950499,向上,0,0,0,end,0,0,,上升趋势,125.1
sh513310,中韩半导体ETF,2024-03-27 00:00:00,1.283,1.285,1.257,1.258,63189800,1285079908,向上,0,0,0,end,0,0,,震荡偏多,65.6
sh513310,中韩半导体ETF,2024-03-28 00:00:00,1.272,1.301,1.272,1.288,104996500,1291908734,向上,0,0,0,end,0,0,,上升趋势,130.6
sh513310,中韩半导体ETF,2024-03-29 00:00:00,1.296,1.299,1.289,1.296,74668700,1287148016,向上,0,0,0,end,0,0,,上升趋势,135.9
sh513310,中韩半导体ETF,2024-04-01 00:00:00,1.315,1.325,1.315,1.317,60302100,1285013789,向上,0,0,0,end,0,0,,上升趋势,175.0
sh513310,中韩半导体ETF,2024-04-02 00:00:00,1.325,1.338,1.315,1.316,73880800,1287330814,向下,0,1,1,start,0,0,,上升趋势,149.9
sh513310,中韩半导体ETF,2024-04-03 00:00:00,1.316,1.319,1.298,1.304,106592900,1292179288,向下,0,0,0,start,0,0,,上升趋势,90.7
sh513310,中韩半导体ETF,2024-04-08 00:00:00,1.307,1.309,1.275,1.276,68450800,1286094792,向下,0,0,0,start,0,0,,震荡偏多,28.9
sh513310,中韩半导体ETF,2024-04-09 00:00:00,1.279,1.282,1.269,1.275,57660600,1284247041,向下,0,0,0,start,0,1,,震荡偏多,-13.2
sh513310,中韩半导体ETF,2024-04-10 00:00:00,1.273,1.275,1.261,1.263,56100600,1283948881,向下,0,0,0,mid,0,0,,震荡偏多,-57.4
sh513310,中韩半导体ETF,2024-04-11 00:00:00,1.267,1.29,1.266,1.274,133286200,1294131632,向下,0,0,0,mid,0,0,,震荡偏多,-35.2
sh513310,中韩半导体ETF,2024-04-12 00:00:00,1.286,1.3,1.277,1.279,93381000,1290139343,向下,0,0,0,mid,0,0,,震荡偏多,-3.9
sh513310,中韩半导体ETF,2024-04-15 00:00:00,1.26,1.284,1.252,1.283,85614500,1288709979,向下,0,0,0,mid,0,0,,震荡偏多,-59.1
sh513310,中韩半导体ETF,2024-04-16 00:00:00,1.258,1.26,1.233,1.235,87157600,1288593918,向下,1,0,0,mid,0,0,,震荡偏多,-173.5
sh513310,中韩半导体ETF,2024-04-17 00:00:00,1.25,1.264,1.248,1.253,99570700,1290696120,向下,0,0,0,end,0,0,,震荡偏多,-104.8
sh513310,中韩半导体ETF,2024-04-18 00:00:00,1.258,1.275,1.251,1.267,76864100,1287245645,向下,0,0,0,end,0,0,,震荡偏多,-68.3
sh513310,中韩半导体ETF,2024-04-19 00:00:00,1.232,1.232,1.202,1.221,95753400,1289653689,向下,1,0,0,end,0,0,,震荡偏多,-185.0
sh513310,中韩半导体ETF,2024-04-22 00:00:00,1.198,1.205,1.184,1.203,71857700,1285813730,向上,1,1,1,start,0,0,,震荡偏多,-189.9
sh513310,中韩半导体ETF,2024-04-23 00:00:00,1.214,1.215,1.196,1.197,63873300,1284671926,向上,1,0,0,start,0,0,,下降趋势,-142.2
sh513310,中韩半导体ETF,2024-04-24 00:00:00,1.232,1.247,1.232,1.245,84738100,1288204836,向上,1,0,0,start,0,0,,下降趋势,-39.1
sh513310,中韩半导体ETF,2024-04-25 00:00:00,1.227,1.235,1.219,1.22,49018100,1281705545,向上,1,0,0,mid,0,0,,下降趋势,-68.6
sh513310,中韩半导体ETF,2024-04-26 00:00:00,1.233,1.251,1.227,1.244,102500700,1290989000,向上,1,0,0,mid,0,0,,下降趋势,-19.2
sh513310,中韩半导体ETF,2024-04-29 00:00:00,1.246,1.266,1.246,1.261,93773800,1289837841,向上,0,0,0,mid,0,0,,下降趋势,34.6
sh513310,中韩半导体ETF,2024-04-30 00:00:00,1.263,1.268,1.245,1.246,31074400,1276441543,向上,1,0,0,end,0,0,,下降趋势,24.5
sh513310,中韩半导体ETF,2024-05-06 00:00:00,1.259,1.274,1.259,1.263,41556600,1279837854,向上,0,0,0,end,0,0,,下降趋势,68.4
sh513310,中韩半导体ETF,2024-05-07 00:00:00,1.285,1.29,1.276,1.279,71157800,1286499665,向下,0,1,1,start,0,0,,上升趋势,124.1
sh513310,中韩半导体ETF,2024-05-08 00:00:00,1.27,1.281,1.267,1.275,32167900,1276916150,向下,0,0,0,start,0,0,,上升趋势,99.1
sh513310,中韩半导体ETF,2024-05-09 00:00:00,1.271,1.278,1.27,1.276,52370500,1283369952,向下,0,0,0,mid,0,0,,上升趋势,85.4
sh513310,中韩半导体ETF,2024-05-10 00:00:00,1.274,1.276,1.253,1.257,49042600,1282124115,向下,0,0,0,end,0,0,,上升趋势,44.6
sh513310,中韩半导体ETF,2024-05-13 00:00:00,1.251,1.259,1.248,1.254,34451800,1277485014,向上,0,1,1,start,0,0,,上升趋势,22.7
sh513310,中韩半导体ETF,2024-05-14 00:00:00,1.253,1.263,1.253,1.259,58782300,1284314556,向上,0,0,0,start,0,0,,上升趋势,31.1
sh513310,中韩半导体ETF,2024-05-15 00:00:00,1.259,1.268,1.256,1.256,30901700,1276435362,向上,0,0,0,start,0,0,,上升趋势,28.4
sh513310,中韩半导体ETF,2024-05-16 00:00:00,1.279,1.284,1.27,1.272,46829900,1281616074,向上,0,0,0,start,0,0,,上升趋势,94.3
sh513310,中韩半导体ETF,2024-05-17 00:00:00,1.267,1.272,1.257,1.26,32599400,1276949636,向上,0,0,0,mid,0,0,,上升趋势,16.9
sh513310,中韩半导体ETF,2024-05-20 00:00:00,1.26,1.27,1.259,1.267,44956600,1280890769,向上,0,0,0,mid,0,0,,上升趋势,17.2
sh513310,中韩半导体ETF,2024-05-21 00:00:00,1.265,1.27,1.262,1.262,24664700,1273893056,向上,0,0,0,mid,0,0,,上升趋势,-2.6
sh513310,中韩半导体ETF,2024-05-22 00:00:00,1.264,1.279,1.263,1.278,35707900,1278024440,向上,0,0,0,mid,0,0,,上升趋势,69.3
sh513310,中韩半导体ETF,2024-05-23 00:00:00,1.274,1.288,1.268,1.272,60797600,1284779525,向上,0,0,0,end,0,0,,上升趋势,78.8
sh513310,中韩半导体ETF,2024-05-24 00:00:00,1.255,1.26,1.235,1.235,60806600,1284541806,向上,1,0,0,end,0,0,,震荡偏多,-181.4
sh513310,中韩半导体ETF,2024-05-27 00:00:00,1.252,1.274,1.248,1.273,68487000,1285855592,向上,0,0,0,end,0,0,,震荡偏多,0.7
sh513310,中韩半导体ETF,2024-05-28 00:00:00,1.282,1.304,1.282,1.284,129978593,1293953430,向下,0,1,1,start,0,0,,上升趋势,189.1
sh513310,中韩半导体ETF,2024-05-29 00:00:00,1.29,1.296,1.266,1.272,70940493,1286427818,向下,0,0,0,start,0,0,,上升趋势,89.3
sh513310,中韩半导体ETF,2024-05-30 00:00:00,1.263,1.277,1.255,1.261,115145400,1292579162,向下,0,0,0,mid,0,0,,震荡偏多,-16.4
sh513310,中韩半导体ETF,2024-05-31 00:00:00,1.26,1.262,1.248,1.251,45586500,1280978444,向下,0,0,0,end,0,0,,震荡偏多,-98.8
sh513310,中韩半导体ETF,2024-06-03 00:00:00,1.255,1.268,1.245,1.267,89294100,1289114104,向上,0,1,1,start,0,0,,震荡偏多,-51.3
sh513310,中韩半导体ETF,2024-06-04 00:00:00,1.268,1.269,1.261,1.262,38924300,1278985625,向上,0,0,0,start,0,0,,震荡偏多,-22.8
sh513310,中韩半导体ETF,2024-06-05 00:00:00,1.268,1.288,1.268,1.284,87048883,1289026917,向上,0,0,0,start,0,0,,上升趋势,97.4
sh513310,中韩半导体ETF,2024-06-06 00:00:00,1.3,1.314,1.29,1.29,81014900,1288215870,向上,0,0,0,start,0,0,,上升趋势,171.1
sh513310,中韩半导体ETF,2024-06-07 00:00:00,1.305,1.315,1.294,1.301,97002900,1290876631,向上,0,0,0,mid,0,0,,上升趋势,157.2
sh513310,中韩半导体ETF,2024-06-11 00:00:00,1.3,1.314,1.292,1.314,147506000,1295510923,向上,0,0,0,mid,0,0,,上升趋势,140.1
sh513310,中韩半导体ETF,2024-06-12 00:00:00,1.318,1.336,1.317,1.335,108716700,1292485450,向上,0,0,0,mid,0,0,,上升趋势,178.0
sh513310,中韩半导体ETF,2024-06-13 00:00:00,1.365,1.378,1.353,1.369,131813535,1294740831,向上,0,0,0,mid,0,0,,上升趋势,211.0
sh513310,中韩半导体ETF,2024-06-14 00:00:00,1.359,1.366,1.35,1.353,112811700,1293017591,向上,0,0,0,mid,0,0,,上升趋势,148.1
sh513310,中韩半导体ETF,2024-06-17 00:00:00,1.35,1.377,1.35,1.37,116453700,1293428111,向上,0,0,0,end,0,0,,上升趋势,136.2
sh513310,中韩半导体ETF,2024-06-18 00:00:00,1.385,1.393,1.375,1.383,123277800,1294126413,向上,0,0,0,end,0,0,,上升趋势,134.8
sh513310,中韩半导体ETF,2024-06-19 00:00:00,1.393,1.405,1.374,1.384,158338183,1297187474,向上,0,0,0,end,0,0,,上升趋势,113.8
sh513310,中韩半导体ETF,2024-06-20 00:00:00,1.384,1.405,1.383,1.389,172238800,1298479703,向下,1,1,1,start,0,0,,上升趋势,102.3
sh513310,中韩半导体ETF,2024-06-21 00:00:00,1.365,1.378,1.36,1.377,130551100,1294635564,向下,1,0,0,start,0,0,,上升趋势,61.6
sh513310,中韩半导体ETF,2024-06-24 00:00:00,1.362,1.377,1.347,1.348,105013000,1292399305,向下,1,0,0,start,0,1,,上升趋势,30.8
sh513310,中韩半导体ETF,2024-06-25 00:00:00,1.345,1.349,1.318,1.32,94388700,1290754851,向下,1,0,0,mid,0,0,,震荡偏多,-33.2
sh513310,中韩半导体ETF,2024-06-26 00:00:00,1.332,1.355,1.326,1.35,168932200,1297596942,向下,1,0,0,mid,0,0,,震荡偏多,-14.3
sh513310,中韩半导体ETF,2024-06-27 00:00:00,1.342,1.355,1.336,1.338,124653600,1293933780,向下,1,0,0,mid,0,0,,震荡偏多,-27.9
sh513310,中韩半导体ETF,2024-06-28 00:00:00,1.33,1.356,1.33,1.351,139133700,1295176335,向下,1,0,0,mid,0,0,,震荡偏多,-34.1
sh513310,中韩半导体ETF,2024-07-01 00:00:00,1.346,1.357,1.34,1.352,113346100,1293003344,向下,1,0,0,end,0,0,,震荡偏多,-36.5
sh513310,中韩半导体ETF,2024-07-02 00:00:00,1.351,1.352,1.325,1.326,107948600,1292479034,向下,1,0,0,end,0,0,,震荡偏多,-101.7
sh513310,中韩半导体ETF,2024-07-03 00:00:00,1.323,1.336,1.308,1.332,200684700,1300051748,向上,1,1,1,start,0,0,,震荡偏多,-117.7
sh513310,中韩半导体ETF,2024-07-04 00:00:00,1.341,1.347,1.336,1.341,150614200,1296079992,向上,1,0,0,start,0,0,,震荡偏多,-49.8
sh513310,中韩半导体ETF,2024-07-05 00:00:00,1.347,1.356,1.338,1.353,160467700,1296967356,向上,1,0,0,start,0,0,,震荡偏多,-18.3
sh513310,中韩半导体ETF,2024-07-08 00:00:00,1.368,1.368,1.347,1.35,155471700,1296670232,向上,1,0,0,mid,0,0,,震荡偏多,14.3
sh513310,中韩半导体ETF,2024-07-09 00:00:00,1.357,1.388,1.353,1.384,268504101,1303376435,向上,1,0,0,mid,0,0,,震荡偏多,116.1
sh513310,中韩半导体ETF,2024-07-10 00:00:00,1.378,1.382,1.37,1.377,159946600,1297219028,向上,1,0,0,mid,0,0,,震荡偏多,143.2
sh513310,中韩半导体ETF,2024-07-11 00:00:00,1.4,1.408,1.382,1.386,228194500,1301785946,向上,1,0,0,mid,0,0,,上升趋势,191.0
sh513310,中韩半导体ETF,2024-07-12 00:00:00,1.357,1.376,1.355,1.371,177242500,1298600973,向上,1,0,0,end,0,0,,上升趋势,67.8
sh513310,中韩半导体ETF,2024-07-15 00:00:00,1.374,1.383,1.371,1.378,146689700,1296080229,向上,1,0,0,end,0,0,,上升趋势,92.2
sh513310,中韩半导体ETF,2024-07-16 00:00:00,1.378,1.418,1.374,1.411,289887200,1304533696,向下,0,1,1,start,0,0,,上升趋势,146.6
sh513310,中韩半导体ETF,2024-07-17 00:00:00,1.402,1.406,1.375,1.377,187497900,1299801710,向下,1,0,0,start,0,0,,上升趋势,79.8
sh513310,中韩半导体ETF,2024-07-18 00:00:00,1.356,1.371,1.331,1.371,261896600,1302926904,向下,1,0,0,start,0,0,,震荡偏多,-20.3
sh513310,中韩半导体ETF,2024-07-19 00:00:00,1.362,1.386,1.357,1.375,378517800,1308146566,向下,1,0,0,start,0,0,,震荡偏多,28.0
sh513310,中韩半导体ETF,2024-07-22 00:00:00,1.368,1.372,1.35,1.356,188473800,1299480486,向下,1,0,0,start,0,0,,震荡偏多,-30.8
sh513310,中韩半导体ETF,2024-07-23 00:00:00,1.362,1.363,1.321,1.322,132210400,1294530170,向下,1,0,0,mid,0,0,,震荡偏多,-139.5
sh513310,中韩半导体ETF,2024-07-24 00:00:00,1.319,1.34,1.311,1.316,181460900,1298517845,向下,1,0,0,mid,0,0,,震荡偏多,-172.9
sh513310,中韩半导体ETF,2024-07-25 00:00:00,1.29,1.295,1.273,1.275,156018100,1295935151,向下,0,0,0,mid,0,0,,下降趋势,-238.4
sh513310,中韩半导体ETF,2024-07-26 00:00:00,1.281,1.29,1.278,1.288,191244100,1298811540,向下,0,0,0,mid,0,0,,下降趋势,-164.6
sh513310,中韩半导体ETF,2024-07-29 00:00:00,1.295,1.298,1.281,1.282,125974000,1293622574,向下,0,0,0,mid,0,0,,下降趋势,-123.0
sh513310,中韩半导体ETF,2024-07-30 00:00:00,1.268,1.275,1.255,1.274,158545900,1296005167,向下,0,0,0,end,0,0,死叉,下降趋势,-126.2
sh513310,中韩半导体ETF,2024-07-31 00:00:00,1.274,1.321,1.268,1.32,234598100,1301357758,向下,1,0,0,end,0,0,,下降趋势,-57.0
sh513310,中韩半导体ETF,2024-08-01 00:00:00,1.326,1.34,1.321,1.322,249967400,1302239238,向下,1,0,0,end,0,0,,下降趋势,-9.9
sh513310,中韩半导体ETF,2024-08-02 00:00:00,1.285,1.286,1.253,1.256,211214300,1300198892,向下,0,0,0,end,0,0,,下降趋势,-106.2
sh513310,中韩半导体ETF,2024-08-05 00:00:00,1.218,1.23,1.138,1.155,313181400,1303482861,向上,1,1,1,start,0,0,,下降趋势,-210.3
sh513310,中韩半导体ETF,2024-08-06 00:00:00,1.192,1.198,1.176,1.184,172243524,1296209930,向上,1,0,0,start,0,0,,下降趋势,-160.6
sh513310,中韩半导体ETF,2024-08-07 00:00:00,1.19,1.209,1.188,1.19,185304300,1297353095,向上,1,0,0,start,0,0,,下降趋势,-124.2
sh513310,中韩半导体ETF,2024-08-08 00:00:00,1.17,1.201,1.165,1.183,176765800,1296544045,向上,1,0,0,start,0,0,,下降趋势,-117.0
sh513310,中韩半导体ETF,2024-08-09 00:00:00,1.21,1.22,1.206,1.21,150044200,1294825568,向上,1,0,0,mid,0,0,,下降趋势,-63.7
sh513310,中韩半导体ETF,2024-08-12 00:00:00,1.222,1.232,1.214,1.215,113351208,1292120015,向上,1,0,0,mid,0,0,,下降趋势,-42.6
sh513310,中韩半导体ETF,2024-08-13 00:00:00,1.22,1.228,1.217,1.227,100159900,1290375996,向上,1,0,0,mid,0,0,,下降趋势,-29.6
sh513310,中韩半导体ETF,2024-08-14 00:00:00,1.245,1.249,1.234,1.235,70495700,1286020070,向上,1,0,0,mid,0,0,,下降趋势,-2.3
sh513310,中韩半导体ETF,2024-08-15 00:00:00,1.236,1.255,1.234,1.245,87480400,1288697112,向上,1,0,0,end,0,0,,震荡偏空,11.8
sh513310,中韩半导体ETF,2024-08-16 00:00:00,1.263,1.271,1.261,1.27,93200200,1289830313,向上,1,0,0,end,0,0,,震荡偏空,55.5
sh513310,中韩半导体ETF,2024-08-19 00:00:00,1.27,1.275,1.261,1.261,79026300,1287604857,向上,1,0,0,end,0,0,,震荡偏空,53.0
sh513310,中韩半导体ETF,2024-08-20 00:00:00,1.275,1.281,1.266,1.269,89785785,1289369401,向下,1,1,1,start,0,0,,震荡偏空,72.8
sh513310,中韩半导体ETF,2024-08-21 00:00:00,1.261,1.266,1.255,1.257,60770800,1284645806,向下,1,0,0,start,0,0,,震荡偏空,67.3
sh513310,中韩半导体ETF,2024-08-22 00:00:00,1.26,1.261,1.234,1.24,85429900,1288332832,向下,1,0,0,start,0,0,,震荡偏空,40.4
sh513310,中韩半导体ETF,2024-08-23 00:00:00,1.23,1.233,1.222,1.227,90831400,1289004611,向下,1,0,0,start,0,0,,震荡偏空,-11.4
sh513310,中韩半导体ETF,2024-08-26 00:00:00,1.228,1.231,1.213,1.214,76036700,1286679847,向下,1,0,0,start,0,0,,震荡偏空,-43.7
sh513310,中韩半导体ETF,2024-08-27 00:00:00,1.211,1.211,1.195,1.197,68902900,1285400883,向下,1,0,0,start,0,0,,震荡偏空,-101.5
sh513310,中韩半导体ETF,2024-08-28 00:00:00,1.195,1.21,1.19,1.21,109598500,1291505928,向下,1,0,0,mid,0,0,,震荡偏空,-105.8
sh513310,中韩半导体ETF,2024-08-29 00:00:00,1.189,1.193,1.176,1.187,115450553,1292004856,向下,1,0,0,mid,0,0,,下降趋势,-144.8
sh513310,中韩半导体ETF,2024-08-30 00:00:00,1.192,1.224,1.192,1.217,165198300,1295959125,向下,1,0,0,mid,0,0,,下降趋势,-64.3
sh513310,中韩半导体ETF,2024-09-02 00:00:00,1.215,1.215,1.185,1.185,73307900,1286044227,向下,1,0,0,mid,0,0,,下降趋势,-96.0
sh513310,中韩半导体ETF,2024-09-03 00:00:00,1.183,1.194,1.175,1.176,114234300,1291921974,向下,1,0,0,mid,0,0,,下降趋势,-110.0
sh513310,中韩半导体ETF,2024-09-04 00:00:00,1.146,1.151,1.136,1.137,128559456,1292643574,向下,0,0,0,mid,0,0,,下降趋势,-166.9
sh513310,中韩半导体ETF,2024-09-05 00:00:00,1.148,1.152,1.13,1.132,107094000,1290366900,向下,0,0,0,mid,0,0,,下降趋势,-148.8
sh513310,中韩半导体ETF,2024-09-06 00:00:00,1.127,1.133,1.117,1.118,63468500,1283990134,向下,0,0,0,mid,0,0,,下降趋势,-152.6
sh513310,中韩半导体ETF,2024-09-09 00:00:00,1.106,1.116,1.104,1.112,60110300,1283366314,向下,0,0,0,end,0,0,,下降趋势,-144.3
sh513310,中韩半导体ETF,2024-09-10 00:00:00,1.115,1.116,1.101,1.109,108939500,1290178859,向下,0,0,0,end,0,0,,下降趋势,-120.5
sh513310,中韩半导体ETF,2024-09-11 00:00:00,1.109,1.109,1.099,1.104,67628298,1284410091,向下,0,0,0,end,0,0,,下降趋势,-105.8
sh513310,中韩半导体ETF,2024-09-12 00:00:00,1.124,1.13,1.119,1.12,110541069,1290615199,向下,0,0,0,end,0,0,,下降趋势,-63.6
sh513310,中韩半导体ETF,2024-09-13 00:00:00,1.117,1.123,1.106,1.107,73921510,1285374965,向下,0,0,0,end,0,0,,下降趋势,-72.7
sh513310,中韩半导体ETF,2024-09-18 00:00:00,1.114,1.116,1.099,1.103,97349400,1288521004,向下,0,0,0,end,0,0,,下降趋势,-75.5
sh513310,中韩半导体ETF,2024-09-19 00:00:00,1.092,1.098,1.073,1.094,227483940,1298909883,向上,0,1,1,start,0,0,,下降趋势,-101.8
sh513310,中韩半导体ETF,2024-09-20 00:00:00,1.101,1.105,1.086,1.091,139135641,1292978342,向上,0,0,0,start,0,0,,下降趋势,-82.1
sh513310,中韩半导体ETF,2024-09-23 00:00:00,1.096,1.105,1.091,1.092,105672633,1289566514,向上,0,0,0,start,0,0,,下降趋势,-76.6
sh513310,中韩半导体ETF,2024-09-24 00:00:00,1.099,1.123,1.089,1.122,248629733,1300449896,向上,0,0,0,mid,0,0,,震荡偏空,-21.6
sh513310,中韩半导体ETF,2024-09-25 00:00:00,1.136,1.155,1.126,1.127,209794800,1298457564,向上,0,0,0,mid,0,0,,震荡偏空,112.5
sh513310,中韩半导体ETF,2024-09-26 00:00:00,1.151,1.185,1.144,1.184,242682100,1300646593,向上,1,0,0,mid,1,0,,震荡偏空,230.9
sh513310,中韩半导体ETF,2024-09-27 00:00:00,1.202,1.255,1.191,1.24,157318500,1295459438,向上,1,0,0,mid,0,0,,震荡偏空,292.3
sh513310,中韩半导体ETF,2024-09-30 00:00:00,1.294,1.361,1.249,1.338,967199800,1318518725,向上,0,0,0,end,0,0,,上升趋势,273.2
sh513310,中韩半导体ETF,2024-10-08 00:00:00,1.472,1.472,1.403,1.472,341307802,1307412908,向上,0,0,0,end,0,0,金叉,上升趋势,257.4
sh513310,中韩半导体ETF,2024-10-09 00:00:00,1.47,1.568,1.382,1.454,2462665879,1331518504,向下,1,1,1,start,0,0,,上升趋势,183.4
sh513310,中韩半导体ETF,2024-10-10 00:00:00,1.5,1.515,1.4,1.423,2056269271,1328656138,向下,1,0,0,start,0,0,,上升趋势,128.5
sh513310,中韩半导体ETF,2024-10-11 00:00:00,1.423,1.438,1.362,1.371,1037787030,1319914738,向下,1,0,0,mid,0,0,,上升趋势,81.4
sh513310,中韩半导体ETF,2024-10-14 00:00:00,1.38,1.422,1.353,1.407,1243722075,1322134604,向下,1,0,0,mid,0,0,,上升趋势,69.8
sh513310,中韩半导体ETF,2024-10-15 00:00:00,1.408,1.445,1.389,1.391,1393156300,1324073042,向下,1,0,0,end,0,0,,上升趋势,65.8
sh513310,中韩半导体ETF,2024-10-16 00:00:00,1.367,1.384,1.352,1.359,771199528,1316717380,向上,0,1,1,start,0,0,,上升趋势,38.0
sh513310,中韩半导体ETF,2024-10-17 00:00:00,1.377,1.387,1.369,1.371,645809700,1314126840,向上,1,0,0,start,0,0,,上升趋势,37.1
sh513310,中韩半导体ETF,2024-10-18 00:00:00,1.371,1.502,1.353,1.466,2873720409,1333174665,向上,1,0,0,start,0,0,,上升趋势,68.3
sh513310,中韩半导体ETF,2024-10-21 00:00:00,1.49,1.567,1.469,1.478,57027735,1342244551,向上,1,0,0,start,0,0,,上升趋势,108.9
sh513310,中韩半导体ETF,2024-10-22 00:00:00,1.479,1.496,1.446,1.453,2341557500,1330429322,向上,1,0,0,start,0,0,,上升趋势,75.5
sh513310,中韩半导体ETF,2024-10-23 00:00:00,1.45,1.48,1.444,1.451,1619851200,1326255766,向上,1,0,0,start,0,0,,上升趋势,62.5
sh513310,中韩半导体ETF,2024-10-24 00:00:00,1.442,1.464,1.434,1.441,1767977706,1327030500,向上,1,0,0,mid,0,0,,上升趋势,36.9
sh513310,中韩半导体ETF,2024-10-25 00:00:00,1.452,1.468,1.434,1.442,1698810188,1326621463,向上,1,0,0,mid,0,0,,上升趋势,30.8
sh513310,中韩半导体ETF,2024-10-28 00:00:00,1.443,1.449,1.437,1.443,779666800,1317410601,向上,1,0,0,mid,0,0,,上升趋势,21.7
sh513310,中韩半导体ETF,2024-10-29 00:00:00,1.444,1.475,1.44,1.441,1275680800,1323109538,向上,1,0,0,mid,0,0,,震荡偏多,43.5
sh513310,中韩半导体ETF,2024-10-30 00:00:00,1.443,1.452,1.418,1.43,910382900,1318840362,向上,1,0,0,mid,0,0,,震荡偏多,6.5
sh513310,中韩半导体ETF,2024-10-31 00:00:00,1.43,1.455,1.415,1.439,1550478866,1325728408,向上,1,0,0,mid,0,0,,震荡偏多,6.7
sh513310,中韩半导体ETF,2024-11-01 00:00:00,1.434,1.438,1.398,1.399,960637300,1319307463,向上,1,0,0,end,0,0,,震荡偏多,-60.0
sh513310,中韩半导体ETF,2024-11-04 00:00:00,1.407,1.437,1.407,1.431,838364500,1317968127,向上,1,0,0,end,0,0,,震荡偏多,-30.4
sh513310,中韩半导体ETF,2024-11-05 00:00:00,1.433,1.481,1.429,1.472,1570065700,1326002819,向上,1,0,0,end,0,0,,震荡偏多,61.5
sh513310,中韩半导体ETF,2024-11-06 00:00:00,1.482,1.498,1.463,1.476,1482615192,1325607300,向上,1,0,0,end,0,0,,震荡偏多,113.6
sh513310,中韩半导体ETF,2024-11-07 00:00:00,1.473,1.532,1.464,1.519,1305710651,1323872693,向上,1,0,0,end,0,0,,震荡偏多,163.1
sh513310,中韩半导体ETF,2024-11-08 00:00:00,1.55,1.585,1.517,1.518,1986569627,1329059300,向下,1,1,1,start,0,0,,上升趋势,235.6
sh513310,中韩半导体ETF,2024-11-11 00:00:00,1.522,1.566,1.511,1.557,2434125662,1331720585,向下,1,0,0,start,0,0,,上升趋势,176.0
sh513310,中韩半导体ETF,2024-11-12 00:00:00,1.551,1.551,1.498,1.509,1320300754,1324359581,向下,1,0,0,start,0,0,,上升趋势,96.6
sh513310,中韩半导体ETF,2024-11-13 00:00:00,1.5,1.517,1.485,1.497,1050200200,1320917840,向下,1,0,0,start,0,0,,震荡偏多,51.0
sh513310,中韩半导体ETF,2024-11-14 00:00:00,1.495,1.505,1.452,1.455,815787071,1318075086,向下,1,0,0,mid,0,0,,震荡偏多,-4.1
sh513310,中韩半导体ETF,2024-11-15 00:00:00,1.462,1.477,1.431,1.431,908869000,1318990232,向下,1,0,0,mid,0,0,,震荡偏多,-50.2
sh513310,中韩半导体ETF,2024-11-18 00:00:00,1.443,1.453,1.406,1.413,997183970,1319772042,向下,1,0,0,mid,0,0,,震荡偏多,-84.3
sh513310,中韩半导体ETF,2024-11-19 00:00:00,1.418,1.442,1.4,1.438,1345165700,1323570973,向下,1,0,0,mid,0,0,,震荡偏多,-77.8
sh513310,中韩半导体ETF,2024-11-20 00:00:00,1.436,1.444,1.426,1.432,855502700,1318206889,向下,1,0,0,mid,0,0,,震荡偏多,-64.2
sh513310,中韩半导体ETF,2024-11-21 00:00:00,1.434,1.453,1.43,1.438,1056255900,1320522151,向下,1,0,0,mid,0,0,,震荡偏多,-59.5
sh513310,中韩半导体ETF,2024-11-22 00:00:00,1.445,1.46,1.401,1.402,838299000,1318037330,向下,1,0,0,end,0,0,,震荡偏多,-94.1
sh513310,中韩半导体ETF,2024-11-25 00:00:00,1.409,1.419,1.38,1.397,611681644,1313571827,向下,1,0,0,end,0,0,,震荡偏多,-113.7
sh513310,中韩半导体ETF,2024-11-26 00:00:00,1.39,1.404,1.387,1.388,522878800,1311633883,向下,1,0,0,end,0,0,,震荡偏多,-103.6
sh513310,中韩半导体ETF,2024-11-27 00:00:00,1.384,1.407,1.367,1.402,1103484300,1320605873,向上,1,1,1,start,0,0,,震荡偏多,-93.8
sh513310,中韩半导体ETF,2024-11-28 00:00:00,1.403,1.417,1.392,1.393,979752900,1319359625,向上,1,0,0,start,0,0,,下降趋势,-76.4
sh513310,中韩半导体ETF,2024-11-29 00:00:00,1.39,1.432,1.374,1.403,1277748400,1322603531,向上,1,0,0,start,0,0,,下降趋势,-68.1
sh513310,中韩半导体ETF,2024-12-02 00:00:00,1.403,1.418,1.393,1.406,884686340,1318356042,向上,1,0,0,mid,0,0,,下降趋势,-55.7
sh513310,中韩半导体ETF,2024-12-03 00:00:00,1.416,1.418,1.396,1.402,799717542,1317409860,向上,1,0,0,mid,0,0,,下降趋势,-47.0
sh513310,中韩半导体ETF,2024-12-04 00:00:00,1.417,1.425,1.396,1.397,1003630725,1319684785,向上,1,0,0,mid,0,0,,下降趋势,-34.8
sh513310,中韩半导体ETF,2024-12-05 00:00:00,1.401,1.413,1.4,1.406,567873810,1312711771,向上,1,0,0,mid,0,0,,下降趋势,-25.2
sh513310,中韩半导体ETF,2024-12-06 00:00:00,1.403,1.417,1.389,1.41,863728013,1318104076,向上,1,0,0,end,0,0,,下降趋势,-25.6
sh513310,中韩半导体ETF,2024-12-09 00:00:00,1.405,1.41,1.378,1.382,604362002,1313384216,向上,1,0,0,end,0,0,,下降趋势,-109.3
sh513310,中韩半导体ETF,2024-12-10 00:00:00,1.426,1.439,1.392,1.396,921839891,1318791889,向下,1,1,1,start,0,0,,下降趋势,29.8
sh513310,中韩半导体ETF,2024-12-11 00:00:00,1.398,1.404,1.39,1.394,521239800,1311610870,向下,1,0,0,start,0,0,,下降趋势,-67.6
sh513310,中韩半导体ETF,2024-12-12 00:00:00,1.397,1.416,1.395,1.414,602913790,1313474960,向下,1,0,0,start,0,0,,下降趋势,85.5
sh513310,中韩半导体ETF,2024-12-13 00:00:00,1.407,1.413,1.397,1.4,546027500,1312220238,向下,1,0,0,mid,0,0,,下降趋势,20.5
sh513310,中韩半导体ETF,2024-12-16 00:00:00,1.402,1.407,1.389,1.394,357956500,1307496806,向下,1,0,0,mid,0,0,,下降趋势,-71.7
sh513310,中韩半导体ETF,2024-12-17 00:00:00,1.397,1.405,1.394,1.397,394663100,1308866676,向下,1,0,0,end,0,0,,下降趋势,-58.4
sh513310,中韩半导体ETF,2024-12-18 00:00:00,1.402,1.427,1.402,1.425,651624010,1314647970,向下,1,0,0,end,0,0,,震荡偏空,193.7
sh513310,中韩半导体ETF,2024-12-19 00:00:00,1.4,1.423,1.384,1.412,706450500,1315777165,向上,1,1,1,start,0,0,,震荡偏空,32.1
sh513310,中韩半导体ETF,2024-12-20 00:00:00,1.405,1.435,1.398,1.42,972787000,1319409757,向上,1,0,0,start,0,0,,震荡偏空,153.1
sh513310,中韩半导体ETF,2024-12-23 00:00:00,1.436,1.463,1.431,1.432,537243400,1312380144,向上,1,0,0,start,0,0,,上升趋势,278.5
sh513310,中韩半导体ETF,2024-12-24 00:00:00,1.44,1.445,1.424,1.443,556350100,1312730463,向上,1,0,0,start,0,0,,上升趋势,169.1
sh513310,中韩半导体ETF,2024-12-25 00:00:00,1.442,1.462,1.442,1.457,407350400,1309497201,向上,1,0,0,start,0,0,,上升趋势,183.2
sh513310,中韩半导体ETF,2024-12-26 00:00:00,1.453,1.455,1.44,1.45,524324800,1312091978,向上,1,0,0,start,0,0,,上升趋势,124.9
sh513310,中韩半导体ETF,2024-12-27 00:00:00,1.451,1.466,1.45,1.45,443293400,1310337652,向上,1,0,0,start,0,0,,上升趋势,121.4
sh513310,中韩半导体ETF,2024-12-30 00:00:00,1.448,1.466,1.448,1.453,340897975,1307370553,向上,1,0,0,start,0,0,,上升趋势,99.7
sh513310,中韩半导体ETF,2024-12-31 00:00:00,1.454,1.455,1.42,1.42,327757500,1306540088,向上,1,0,0,mid,0,0,,上升趋势,17.1
sh513310,中韩半导体ETF,2025-01-02 00:00:00,1.421,1.422,1.388,1.396,310553900,1305432625,向上,1,0,0,mid,0,0,,震荡偏多,-80.3
sh513310,中韩半导体ETF,2025-01-03 00:00:00,1.42,1.434,1.415,1.417,392874100,1308970006,向上,1,0,0,mid,0,0,,震荡偏多,-19.6
sh513310,中韩半导体ETF,2025-01-06 00:00:00,1.438,1.457,1.438,1.452,331449200,1306844352,向上,1,0,0,mid,0,0,,上升趋势,67.4
sh513310,中韩半导体ETF,2025-01-07 00:00:00,1.467,1.485,1.462,1.483,567269384,1313290016,向上,1,0,0,mid,0,0,,上升趋势,150.7
sh513310,中韩半导体ETF,2025-01-08 00:00:00,1.48,1.521,1.476,1.505,794053200,1317938581,向上,1,0,0,mid,0,0,,上升趋势,192.9
sh513310,中韩半导体ETF,2025-01-09 00:00:00,1.507,1.525,1.507,1.509,574376494,1313850811,向上,1,0,0,mid,0,0,,上升趋势,192.7
sh513310,中韩半导体ETF,2025-01-10 00:00:00,1.507,1.537,1.497,1.499,960067100,1320027882,向上,1,0,0,mid,0,0,,上升趋势,144.9
sh513310,中韩半导体ETF,2025-01-13 00:00:00,1.477,1.481,1.46,1.468,429308600,1310087253,向上,1,0,0,mid,0,0,,上升趋势,28.1
sh513310,中韩半导体ETF,2025-01-14 00:00:00,1.47,1.501,1.46,1.495,928884300,1319394934,向上,1,0,0,end,0,0,,上升趋势,58.6
sh513310,中韩半导体ETF,2025-01-15 00:00:00,1.497,1.518,1.494,1.5,584852300,1313994390,向上,1,0,0,end,0,0,,上升趋势,89.2
sh513310,中韩半导体ETF,2025-01-16 00:00:00,1.519,1.536,1.494,1.495,615726300,1314793288,向上,1,0,0,end,0,0,,上升趋势,85.5
sh513310,中韩半导体ETF,2025-01-17 00:00:00,1.495,1.55,1.491,1.521,1369863500,1324920067,向上,1,0,0,end,0,0,,上升趋势,96.8
sh513310,中韩半导体ETF,2025-01-20 00:00:00,1.535,1.537,1.515,1.523,495472900,1312045706,向上,1,0,0,end,0,0,,上升趋势,91.8
sh513310,中韩半导体ETF,2025-01-21 00:00:00,1.533,1.55,1.527,1.541,581597200,1314205259,向上,1,0,0,end,0,0,,上升趋势,108.9
sh513310,中韩半导体ETF,2025-01-22 00:00:00,1.545,1.567,1.545,1.564,521691600,1312923063,向上,1,0,0,end,0,0,,上升趋势,145.7
sh513310,中韩半导体ETF,2025-01-23 00:00:00,1.559,1.568,1.529,1.53,681710000,1316758529,向下,1,1,1,start,0,0,,上升趋势,102.1
sh513310,中韩半导体ETF,2025-01-24 00:00:00,1.541,1.549,1.534,1.536,436190400,1310746146,向下,1,0,0,mid,0,0,,上升趋势,84.5
sh513310,中韩半导体ETF,2025-01-27 00:00:00,1.533,1.536,1.493,1.494,345789021,1308228248,向下,1,0,0,mid,0,0,,上升趋势,-30.7
sh513310,中韩半导体ETF,2025-02-05 00:00:00,1.508,1.511,1.482,1.487,447927900,1310675721,向上,1,1,1,start,0,0,,震荡偏多,-78.8
sh513310,中韩半导体ETF,2025-02-06 00:00:00,1.485,1.523,1.485,1.522,615586700,1314750250,向上,1,0,0,start,0,0,,震荡偏多,-18.7
sh513310,中韩半导体ETF,2025-02-07 00:00:00,1.521,1.548,1.515,1.529,544119100,1313273133,向上,1,0,0,start,0,0,,震荡偏多,46.7
sh513310,中韩半导体ETF,2025-02-10 00:00:00,1.523,1.547,1.523,1.546,410735300,1310085623,向上,1,0,0,start,0,0,,震荡偏多,64.7
sh513310,中韩半导体ETF,2025-02-11 00:00:00,1.55,1.555,1.534,1.543,340136730,1308241746,向上,1,0,0,mid,0,0,,震荡偏多,75.4
sh513310,中韩半导体ETF,2025-02-12 00:00:00,1.534,1.565,1.534,1.564,450279800,1311143266,向上,1,0,0,mid,0,0,,上升趋势,103.7
sh513310,中韩半导体ETF,2025-02-13 00:00:00,1.573,1.575,1.55,1.552,375914900,1309406061,向上,1,0,0,mid,0,0,,上升趋势,108.7
sh513310,中韩半导体ETF,2025-02-14 00:00:00,1.554,1.568,1.549,1.561,286955300,1305821292,向上,1,0,0,mid,0,0,,上升趋势,97.3
sh513310,中韩半导体ETF,2025-02-17 00:00:00,1.567,1.591,1.567,1.583,308174900,1307072416,向上,0,0,0,mid,0,0,,上升趋势,158.5
sh513310,中韩半导体ETF,2025-02-18 00:00:00,1.574,1.591,1.571,1.578,343708000,1308720167,向上,0,0,0,end,0,0,,上升趋势,127.3
sh513310,中韩半导体ETF,2025-02-19 00:00:00,1.591,1.641,1.591,1.64,732335400,1317923561,向上,0,0,0,end,0,0,,上升趋势,207.0
sh513310,中韩半导体ETF,2025-02-20 00:00:00,1.628,1.634,1.612,1.615,287219800,1306387727,向上,0,0,0,end,0,0,,上升趋势,152.2
sh513310,中韩半导体ETF,2025-02-21 00:00:00,1.624,1.686,1.613,1.668,959314900,1321014916,向下,0,1,1,start,0,0,,上升趋势,173.4
sh513310,中韩半导体ETF,2025-02-24 00:00:00,1.645,1.666,1.641,1.66,388829400,1310286946,向下,0,0,0,start,0,0,,上升趋势,137.2
sh513310,中韩半导体ETF,2025-02-25 00:00:00,1.638,1.668,1.637,1.642,432307300,1311381594,向下,0,0,0,start,0,0,,上升趋势,106.3
sh513310,中韩半导体ETF,2025-02-26 00:00:00,1.645,1.659,1.634,1.653,523715600,1313727212,向下,0,0,0,mid,0,0,,上升趋势,87.9
sh513310,中韩半导体ETF,2025-02-27 00:00:00,1.652,1.662,1.618,1.636,409591600,1310726169,向下,0,0,0,mid,0,1,,上升趋势,61.7
sh513310,中韩半导体ETF,2025-02-28 00:00:00,1.61,1.613,1.544,1.548,391616777,1309854416,向下,1,0,0,end,0,0,,震荡偏多,-58.6
sh513310,中韩半导体ETF,2025-03-03 00:00:00,1.553,1.561,1.535,1.54,365605200,1309072888,向下,1,0,0,end,0,0,,震荡偏多,-98.3
sh513310,中韩半导体ETF,2025-03-04 00:00:00,1.519,1.547,1.505,1.538,636528900,1315462078,向上,1,1,1,start,0,0,,震荡偏多,-116.4
sh513310,中韩半导体ETF,2025-03-05 00:00:00,1.543,1.553,1.538,1.549,404820931,1310006650,向上,1,0,0,start,0,0,,震荡偏多,-85.8
sh513310,中韩半导体ETF,2025-03-06 00:00:00,1.557,1.586,1.557,1.568,560441100,1314013331,向上,1,0,0,start,0,0,,震荡偏多,-50.0
sh513310,中韩半导体ETF,2025-03-07 00:00:00,1.563,1.572,1.552,1.557,307574200,1306874345,向上,1,0,0,mid,0,0,,震荡偏多,-61.9
sh513310,中韩半导体ETF,2025-03-10 00:00:00,1.552,1.561,1.54,1.553,183046500,1300723286,向上,1,0,0,mid,0,0,,震荡偏多,-69.5
sh513310,中韩半导体ETF,2025-03-11 00:00:00,1.514,1.54,1.512,1.539,275227790,1304972927,向上,1,0,0,mid,0,0,,震荡偏多,-87.2
sh513310,中韩半导体ETF,2025-03-12 00:00:00,1.568,1.584,1.56,1.57,346478080,1308744276,向上,0,0,0,mid,0,0,,震荡偏多,-23.9
sh513310,中韩半导体ETF,2025-03-13 00:00:00,1.57,1.575,1.531,1.537,225218300,1302759172,向上,1,0,0,end,0,0,,震荡偏多,-54.3
sh513310,中韩半导体ETF,2025-03-14 00:00:00,1.546,1.57,1.546,1.566,327310900,1307808871,向上,1,0,0,end,0,0,,震荡偏多,-25.9
sh513310,中韩半导体ETF,2025-03-17 00:00:00,1.584,1.594,1.58,1.583,169507400,1300236390,向上,0,0,0,end,0,0,,震荡偏多,46.9
sh513310,中韩半导体ETF,2025-03-18 00:00:00,1.588,1.604,1.582,1.585,279651800,1305751047,向下,0,1,1,start,0,0,,震荡偏多,87.4
sh513310,中韩半导体ETF,2025-03-19 00:00:00,1.593,1.596,1.58,1.583,192489000,1301393112,向下,0,0,0,start,0,0,,震荡偏多,109.6
sh513310,中韩半导体ETF,2025-03-20 00:00:00,1.582,1.592,1.577,1.584,149110700,1298227481,向下,0,0,0,start,0,0,,震荡偏多,89.3
sh513310,中韩半导体ETF,2025-03-21 00:00:00,1.595,1.599,1.566,1.576,147286900,1298037160,向下,0,0,0,start,0,0,,震荡偏多,63.2
sh513310,中韩半导体ETF,2025-03-24 00:00:00,1.566,1.577,1.555,1.572,108435200,1294076490,向下,0,0,0,start,0,0,,震荡偏多,5.9
sh513310,中韩半导体ETF,2025-03-25 00:00:00,1.568,1.568,1.535,1.539,165530200,1299470068,向下,1,0,0,mid,0,0,,震荡偏多,-88.1
sh513310,中韩半导体ETF,2025-03-26 00:00:00,1.541,1.563,1.541,1.549,153149900,1298330282,向下,1,0,0,mid,0,0,,震荡偏多,-61.6
sh513310,中韩半导体ETF,2025-03-27 00:00:00,1.536,1.559,1.532,1.541,207398000,1301858090,向下,1,0,0,mid,0,0,,下降趋势,-80.5
sh513310,中韩半导体ETF,2025-03-28 00:00:00,1.527,1.529,1.503,1.504,176021100,1300112289,向下,1,0,0,mid,0,0,,下降趋势,-168.6
sh513310,中韩半导体ETF,2025-03-31 00:00:00,1.478,1.484,1.458,1.466,157614000,1297932798,向下,1,0,0,mid,0,0,死叉,下降趋势,-239.6
sh513310,中韩半导体ETF,2025-04-01 00:00:00,1.473,1.498,1.471,1.489,187136100,1300543323,向下,1,0,0,mid,0,0,,下降趋势,-152.1
sh513310,中韩半导体ETF,2025-04-02 00:00:00,1.478,1.496,1.478,1.486,141942500,1296658605,向下,1,0,0,end,0,0,,下降趋势,-119.0
sh513310,中韩半导体ETF,2025-04-03 00:00:00,1.463,1.487,1.463,1.477,130741500,1295530729,向下,1,0,0,end,0,0,,下降趋势,-110.9
sh513310,中韩半导体ETF,2025-04-07 00:00:00,1.369,1.408,1.329,1.329,330869000,1305873189,向下,0,0,0,end,0,0,,下降趋势,-219.1
sh513310,中韩半导体ETF,2025-04-08 00:00:00,1.36,1.38,1.331,1.348,295648000,1304378790,向下,0,0,0,end,0,0,,下降趋势,-172.6
sh513310,中韩半导体ETF,2025-04-09 00:00:00,1.332,1.407,1.321,1.365,1117357400,1320645623,向上,0,1,1,start,0,0,,下降趋势,-132.1
sh513310,中韩半导体ETF,2025-04-10 00:00:00,1.43,1.44,1.418,1.431,322772600,1306271264,向上,1,0,0,start,0,0,,下降趋势,-54.4
sh513310,中韩半导体ETF,2025-04-11 00:00:00,1.424,1.496,1.415,1.454,1355334900,1324062641,向上,1,0,0,start,1,0,,下降趋势,-18.9
sh513310,中韩半导体ETF,2025-04-14 00:00:00,1.48,1.482,1.464,1.473,446668000,1310505682,向上,1,0,0,start,0,0,,下降趋势,10.9
sh513310,中韩半导体ETF,2025-04-15 00:00:00,1.469,1.473,1.459,1.462,193820400,1300710249,向上,1,0,0,start,0,0,,下降趋势,8.5
sh513310,中韩半导体ETF,2025-04-16 00:00:00,1.457,1.46,1.44,1.45,253569600,1303323489,向上,1,0,0,start,0,0,,震荡偏空,-2.0
sh513310,中韩半导体ETF,2025-04-17 00:00:00,1.45,1.469,1.449,1.461,311826000,1306104709,向上,1,0,0,mid,0,0,,震荡偏空,24.0
sh513310,中韩半导体ETF,2025-04-18 00:00:00,1.455,1.463,1.443,1.459,159331000,1297936847,向上,1,0,0,mid,0,0,,震荡偏空,24.5
sh513310,中韩半导体ETF,2025-04-21 00:00:00,1.46,1.482,1.46,1.472,197023300,1300925253,向上,1,0,0,mid,0,0,,震荡偏空,53.1
sh513310,中韩半导体ETF,2025-04-22 00:00:00,1.464,1.471,1.46,1.466,194096700,1300743100,向上,1,0,0,mid,0,0,,震荡偏空,46.7
sh513310,中韩半导体ETF,2025-04-23 00:00:00,1.482,1.486,1.471,1.485,231700000,1302553536,向上,1,0,0,mid,0,0,,震荡偏空,75.1
sh513310,中韩半导体ETF,2025-04-24 00:00:00,1.475,1.479,1.466,1.469,135988400,1295975802,向上,1,0,0,mid,0,0,,震荡偏空,59.0
sh513310,中韩半导体ETF,2025-04-25 00:00:00,1.475,1.484,1.47,1.478,190326900,1300637221,向上,1,0,0,end,0,0,,震荡偏空,69.8
sh513310,中韩半导体ETF,2025-04-28 00:00:00,1.464,1.471,1.458,1.461,126086100,1294993595,向上,1,0,0,end,0,0,,震荡偏空,28.2
sh513310,中韩半导体ETF,2025-04-29 00:00:00,1.463,1.475,1.461,1.472,132819400,1295652385,向上,1,0,0,end,0,0,,震荡偏空,42.1
sh513310,中韩半导体ETF,2025-04-30 00:00:00,1.47,1.479,1.468,1.476,129828700,1295425436,向上,1,0,0,end,0,0,,震荡偏空,70.5
sh513310,中韩半导体ETF,2025-05-06 00:00:00,1.485,1.516,1.485,1.513,103063300,1293133144,向上,1,0,0,end,0,0,,震荡偏空,258.7
sh513310,中韩半导体ETF,2025-05-07 00:00:00,1.54,1.55,1.508,1.516,192580000,1301001412,向下,1,1,1,start,0,0,,震荡偏空,255.4
sh513310,中韩半导体ETF,2025-05-08 00:00:00,1.516,1.52,1.51,1.511,81098600,1290427693,向下,1,0,0,start,0,0,,上升趋势,148.0
sh513310,中韩半导体ETF,2025-05-09 00:00:00,1.5,1.501,1.484,1.489,98379300,1292609343,向下,1,0,0,start,0,0,,上升趋势,45.6
sh513310,中韩半导体ETF,2025-05-12 00:00:00,1.503,1.517,1.499,1.517,117800000,1294563504,向下,1,0,0,start,0,0,,上升趋势,100.5
sh513310,中韩半导体ETF,2025-05-13 00:00:00,1.524,1.532,1.51,1.511,85383800,1291302250,向下,1,0,0,mid,0,0,,上升趋势,102.9
sh513310,中韩半导体ETF,2025-05-14 00:00:00,1.525,1.542,1.524,1.535,113844800,1294367951,向下,1,0,0,mid,0,0,金叉,上升趋势,128.3
sh513310,中韩半导体ETF,2025-05-15 00:00:00,1.537,1.541,1.514,1.518,66863900,1287823100,向下,1,0,0,mid,0,0,,上升趋势,84.6
sh513310,中韩半导体ETF,2025-05-16 00:00:00,1.516,1.529,1.514,1.522,68092800,1288021684,向下,1,0,0,mid,0,0,,上升趋势,66.8
sh513310,中韩半导体ETF,2025-05-19 00:00:00,1.5,1.508,1.492,1.505,104486500,1293255731,向下,1,0,0,mid,0,0,,上升趋势,-1.3
sh513310,中韩半导体ETF,2025-05-20 00:00:00,1.514,1.523,1.513,1.514,83840600,1290979862,向下,1,0,0,end,0,0,,上升趋势,44.3
sh513310,中韩半导体ETF,2025-05-21 00:00:00,1.514,1.516,1.502,1.505,78289800,1289849167,向下,1,0,0,end,0,0,,上升趋势,-1.7
sh513310,中韩半导体ETF,2025-05-22 00:00:00,1.495,1.504,1.489,1.491,97496300,1292578787,向下,1,0,0,end,0,0,,上升趋势,-83.6
sh513310,中韩半导体ETF,2025-05-23 00:00:00,1.493,1.499,1.483,1.483,122259100,1294857508,向上,1,1,1,start,0,0,,震荡偏多,-137.0
sh513310,中韩半导体ETF,2025-05-26 00:00:00,1.492,1.51,1.492,1.502,238658300,1303042762,向上,1,0,0,start,0,0,,震荡偏多,-55.0
sh513310,中韩半导体ETF,2025-05-27 00:00:00,1.492,1.498,1.486,1.487,70445400,1288203654,向上,1,0,0,start,0,0,,震荡偏多,-101.8
sh513310,中韩半导体ETF,2025-05-28 00:00:00,1.503,1.507,1.495,1.497,81320080,1290336672,向上,1,0,0,start,0,0,,震荡偏多,-42.2
sh513310,中韩半导体ETF,2025-05-29 00:00:00,1.499,1.519,1.497,1.519,129039180,1295634826,向上,1,0,0,start,0,0,,震荡偏多,18.7
sh513310,中韩半导体ETF,2025-05-30 00:00:00,1.507,1.512,1.488,1.492,67304300,1287665607,向上,1,0,0,mid,0,0,,震荡偏多,-60.0
sh513310,中韩半导体ETF,2025-06-03 00:00:00,1.496,1.521,1.493,1.512,104627520,1293339518,向上,1,0,0,mid,0,0,,震荡偏多,10.4
sh513310,中韩半导体ETF,2025-06-04 00:00:00,1.53,1.539,1.529,1.536,76684400,1289773948,向上,1,0,0,mid,0,0,,上升趋势,169.6
sh513310,中韩半导体ETF,2025-06-05 00:00:00,1.58,1.585,1.569,1.58,183305700,1300887293,向上,0,0,0,mid,0,0,,上升趋势,289.3
sh513310,中韩半导体ETF,2025-06-06 00:00:00,1.579,1.601,1.573,1.587,174442100,1300505519,向上,0,0,0,mid,0,0,,上升趋势,216.3
sh513310,中韩半导体ETF,2025-06-09 00:00:00,1.595,1.601,1.588,1.595,86575300,1292084295,向上,0,0,0,mid,0,0,,上升趋势,164.5
sh513310,中韩半导体ETF,2025-06-10 00:00:00,1.598,1.599,1.564,1.566,126072500,1295893063,向上,1,0,0,mid,0,0,,上升趋势,97.6
sh513310,中韩半导体ETF,2025-06-11 00:00:00,1.58,1.593,1.578,1.59,112192600,1294583746,向上,0,0,0,end,0,0,,上升趋势,96.7
sh513310,中韩半导体ETF,2025-06-12 00:00:00,1.591,1.602,1.583,1.588,75989100,1290182673,向上,0,0,0,end,0,0,,上升趋势,86.7
sh513310,中韩半导体ETF,2025-06-13 00:00:00,1.568,1.578,1.555,1.566,84522300,1291631504,向上,1,0,0,end,0,0,,上升趋势,37.8
sh513310,中韩半导体ETF,2025-06-16 00:00:00,1.562,1.583,1.562,1.582,68496400,1288562482,向上,0,0,0,end,0,0,,上升趋势,46.8
sh513310,中韩半导体ETF,2025-06-17 00:00:00,1.597,1.607,1.578,1.583,79666000,1290926720,向下,0,1,1,start,0,0,,上升趋势,64.9
sh513310,中韩半导体ETF,2025-06-18 00:00:00,1.579,1.599,1.579,1.591,120687000,1295454205,向下,0,0,0,start,0,0,,上升趋势,61.0
sh513310,中韩半导体ETF,2025-06-19 00:00:00,1.581,1.599,1.577,1.584,167342000,1300095368,向下,0,0,0,mid,0,0,,上升趋势,49.8
sh513310,中韩半导体ETF,2025-06-20 00:00:00,1.595,1.602,1.59,1.598,69052000,1288847105,向下,0,0,0,end,0,0,,上升趋势,82.4
sh513310,中韩半导体ETF,2025-06-23 00:00:00,1.571,1.591,1.563,1.587,121637700,1295481227,向上,0,1,1,start,0,0,,上升趋势,-3.9
sh513310,中韩半导体ETF,2025-06-24 00:00:00,1.628,1.645,1.628,1.644,122291400,1295982715,向上,0,0,0,mid,0,0,,上升趋势,337.8
sh513310,中韩半导体ETF,2025-06-25 00:00:00,1.66,1.677,1.652,1.674,202649700,1302386663,向上,0,0,0,mid,0,0,,上升趋势,285.9
sh513310,中韩半导体ETF,2025-06-26 00:00:00,1.685,1.692,1.672,1.673,186018500,1301611032,向下,1,1,1,start,0,0,,上升趋势,199.5
sh513310,中韩半导体ETF,2025-06-27 00:00:00,1.677,1.684,1.664,1.666,140018100,1298106502,向下,1,0,0,start,0,0,,上升趋势,131.1
sh513310,中韩半导体ETF,2025-06-30 00:00:00,1.671,1.692,1.671,1.683,182266700,1301443143,向下,0,0,0,start,0,0,,上升趋势,118.2
sh513310,中韩半导体ETF,2025-07-01 00:00:00,1.688,1.689,1.659,1.663,106568207,1294589756,向下,1,0,0,mid,0,0,,上升趋势,81.2
sh513310,中韩半导体ETF,2025-07-02 00:00:00,1.646,1.65,1.632,1.636,75204700,1290456247,向下,1,0,0,mid,0,0,,上升趋势,25.7
sh513310,中韩半导体ETF,2025-07-03 00:00:00,1.653,1.659,1.646,1.658,87961700,1292549704,向下,1,0,0,end,0,1,,上升趋势,43.1
sh513310,中韩半导体ETF,2025-07-04 00:00:00,1.647,1.654,1.63,1.64,119170800,1295698474,向下,1,0,0,end,0,0,,震荡偏多,13.2
sh513310,中韩半导体ETF,2025-07-07 00:00:00,1.629,1.639,1.625,1.627,54366200,1286137585,向上,0,1,1,start,0,0,,震荡偏多,-16.8
sh513310,中韩半导体ETF,2025-07-08 00:00:00,1.633,1.649,1.629,1.645,106002900,1294320762,向上,1,0,0,start,0,0,,震荡偏多,-1.0
sh513310,中韩半导体ETF,2025-07-09 00:00:00,1.639,1.64,1.625,1.628,63871600,1288103443,向上,0,0,0,start,0,0,,震荡偏多,-40.2
sh513310,中韩半导体ETF,2025-07-10 00:00:00,1.634,1.641,1.632,1.638,76599200,1290742926,向上,1,0,0,mid,0,0,,震荡偏多,-34.7
sh513310,中韩半导体ETF,2025-07-11 00:00:00,1.648,1.666,1.648,1.656,146109500,1298593299,向上,1,0,0,mid,0,0,,震荡偏多,15.9
sh513310,中韩半导体ETF,2025-07-14 00:00:00,1.658,1.662,1.651,1.652,60244600,1287538101,向上,1,0,0,end,0,0,,震荡偏多,4.4
sh513310,中韩半导体ETF,2025-07-15 00:00:00,1.645,1.66,1.642,1.66,109663700,1294769358,向上,1,0,0,end,0,0,,震荡偏多,4.5
sh513310,中韩半导体ETF,2025-07-16 00:00:00,1.657,1.678,1.653,1.661,160363300,1300154937,向下,1,1,1,start,0,0,,震荡偏多,61.1
sh513310,中韩半导体ETF,2025-07-17 00:00:00,1.645,1.648,1.632,1.647,188986110,1301527054,向下,1,0,0,start,0,0,,震荡偏多,-40.6
sh513310,中韩半导体ETF,2025-07-18 00:00:00,1.65,1.661,1.647,1.651,115252000,1295364710,向下,1,0,0,mid,0,0,,震荡偏多,33.3
sh513310,中韩半导体ETF,2025-07-21 00:00:00,1.651,1.657,1.648,1.652,87840100,1292528399,向下,1,0,0,mid,0,0,,震荡偏多,42.5
sh513310,中韩半导体ETF,2025-07-22 00:00:00,1.646,1.657,1.634,1.636,166213500,1300385641,向下,1,0,0,end,0,0,,震荡偏多,-33.3
sh513310,中韩半导体ETF,2025-07-23 00:00:00,1.636,1.649,1.631,1.641,181257806,1301143449,向上,1,1,1,start,0,0,,震荡偏多,-41.9
sh513310,中韩半导体ETF,2025-07-24 00:00:00,1.649,1.664,1.648,1.653,208219900,1302620697,向上,1,0,0,start,0,0,,震荡偏多,61.4
sh513310,中韩半导体ETF,2025-07-25 00:00:00,1.652,1.675,1.646,1.666,264766700,1305578616,向上,1,0,0,start,0,0,,震荡偏多,103.3
sh513310,中韩半导体ETF,2025-07-28 00:00:00,1.666,1.686,1.661,1.679,231302400,1303939452,向上,0,0,0,start,0,0,,震荡偏多,172.9
sh513310,中韩半导体ETF,2025-07-29 00:00:00,1.669,1.69,1.669,1.685,240743210,1304508177,向上,0,0,0,start,0,0,,震荡偏多,190.6
sh513310,中韩半导体ETF,2025-07-30 00:00:00,1.694,1.712,1.691,1.694,193496610,1302134121,向上,0,0,0,start,0,0,,上升趋势,218.1
sh513310,中韩半导体ETF,2025-07-31 00:00:00,1.693,1.709,1.685,1.687,217640800,1303387763,向上,0,0,0,start,0,0,,上升趋势,143.1
sh513310,中韩半导体ETF,2025-08-01 00:00:00,1.657,1.665,1.629,1.63,157736000,1299693895,向上,0,0,0,mid,0,1,,震荡偏多,-85.2
sh513310,中韩半导体ETF,2025-08-04 00:00:00,1.646,1.659,1.643,1.655,159882500,1299980646,向上,1,0,0,mid,0,0,,震荡偏多,-37.2
sh513310,中韩半导体ETF,2025-08-05 00:00:00,1.666,1.669,1.66,1.666,88409100,1292657556,向上,1,0,0,mid,0,0,,震荡偏多,16.5
sh513310,中韩半导体ETF,2025-08-06 00:00:00,1.655,1.669,1.652,1.665,95173100,1293333236,向上,1,0,0,mid,0,0,,震荡偏多,-2.4
sh513310,中韩半导体ETF,2025-08-07 00:00:00,1.672,1.694,1.669,1.685,222254907,1303533388,向上,0,0,0,mid,0,0,,震荡偏多,77.1
sh513310,中韩半导体ETF,2025-08-08 00:00:00,1.694,1.696,1.671,1.672,101102642,1294094087,向上,1,0,0,mid,0,0,,震荡偏多,54.4
sh513310,中韩半导体ETF,2025-08-11 00:00:00,1.678,1.688,1.678,1.683,58693100,1287418809,向上,0,0,0,mid,0,0,,震荡偏多,58.2
sh513310,中韩半导体ETF,2025-08-12 00:00:00,1.69,1.728,1.689,1.712,405806122,1311096812,向上,0,0,0,mid,0,0,,上升趋势,151.2
sh513310,中韩半导体ETF,2025-08-13 00:00:00,1.727,1.741,1.724,1.74,166352934,1300857463,向上,0,0,0,mid,0,0,,上升趋势,207.8
sh513310,中韩半导体ETF,2025-08-14 00:00:00,1.731,1.782,1.731,1.756,541323399,1315150246,向上,0,0,0,mid,0,0,,上升趋势,203.5
sh513310,中韩半导体ETF,2025-08-15 00:00:00,1.748,1.772,1.747,1.765,297414900,1308202521,向上,0,0,0,end,0,0,,上升趋势,161.9
sh513310,中韩半导体ETF,2025-08-18 00:00:00,1.765,1.782,1.749,1.757,354051246,1310003678,向上,0,0,0,end,0,0,,上升趋势,129.0
sh513310,中韩半导体ETF,2025-08-19 00:00:00,1.759,1.764,1.728,1.729,209457504,1303292470,向上,0,0,0,end,0,0,,上升趋势,70.7
sh513310,中韩半导体ETF,2025-08-20 00:00:00,1.707,1.749,1.704,1.747,439570327,1312092841,向上,0,0,0,end,0,1,,上升趋势,50.3
sh513310,中韩半导体ETF,2025-08-21 00:00:00,1.745,1.766,1.738,1.739,311320996,1308769748,向上,0,0,0,end,0,0,,上升趋势,65.9
sh513310,中韩半导体ETF,2025-08-22 00:00:00,1.755,1.895,1.755,1.867,2070238075,1331896383,向上,0,0,0,end,0,0,,上升趋势,195.2
sh513310,中韩半导体ETF,2025-08-25 00:00:00,1.897,2.054,1.895,1.915,2103004166,1332870853,向下,1,1,1,start,0,0,,上升趋势,282.6
sh513310,中韩半导体ETF,2025-08-26 00:00:00,1.899,1.912,1.884,1.893,877739029,1321657136,向下,1,0,0,start,0,0,,上升趋势,155.2
sh513310,中韩半导体ETF,2025-08-27 00:00:00,1.913,1.959,1.891,1.893,2560042565,1335039484,向下,1,0,0,start,0,0,,上升趋势,129.4
sh513310,中韩半导体ETF,2025-08-28 00:00:00,1.905,1.996,1.902,1.992,44817755,1342343878,向下,1,0,0,mid,0,0,,上升趋势,134.2
sh513310,中韩半导体ETF,2025-08-29 00:00:00,1.96,1.966,1.931,1.953,1528535533,1328656315,向下,1,0,0,mid,0,0,,上升趋势,101.2
sh513310,中韩半导体ETF,2025-09-01 00:00:00,1.963,1.977,1.922,1.944,1679296478,1329768681,向下,1,0,0,mid,0,0,,上升趋势,84.9
sh513310,中韩半导体ETF,2025-09-02 00:00:00,1.951,1.974,1.917,1.929,1474082718,1328228808,向下,1,0,0,end,0,0,,上升趋势,68.2
sh513310,中韩半导体ETF,2025-09-03 00:00:00,1.925,1.934,1.9,1.906,1128715500,1325463641,向下,1,0,0,end,0,0,,上升趋势,41.1
sh513310,中韩半导体ETF,2025-09-04 00:00:00,1.91,1.917,1.81,1.826,1101246869,1324573048,向上,1,1,1,start,0,0,,震荡偏多,-14.9
sh513310,中韩半导体ETF,2025-09-05 00:00:00,1.843,1.884,1.83,1.874,1426300504,1327353166,向上,1,0,0,start,0,0,,震荡偏多,-12.3
sh513310,中韩半导体ETF,2025-09-08 00:00:00,1.878,1.901,1.863,1.89,954118953,1322653166,向上,1,0,0,start,0,0,,震荡偏多,-1.1
sh513310,中韩半导体ETF,2025-09-09 00:00:00,1.887,1.909,1.882,1.889,772647978,1320060824,向上,1,0,0,start,0,0,,震荡偏多,-5.6
sh513310,中韩半导体ETF,2025-09-10 00:00:00,1.91,1.959,1.91,1.937,1387640700,1327525572,向上,1,0,0,start,0,0,,震荡偏多,49.4
sh513310,中韩半导体ETF,2025-09-11 00:00:00,1.938,2.034,1.929,2.018,2500213825,1335162847,向上,1,0,0,start,0,0,,上升趋势,143.7
sh513310,中韩半导体ETF,2025-09-12 00:00:00,2.041,2.091,2.037,2.069,2276560276,1334623525,向上,0,0,0,start,0,0,,上升趋势,219.3
sh513310,中韩半导体ETF,2025-09-15 00:00:00,2.119,2.211,2.085,2.092,1953684794,1333210822,向上,0,0,0,start,0,0,,上升趋势,229.0
sh513310,中韩半导体ETF,2025-09-16 00:00:00,2.12,2.163,2.117,2.15,2320562399,1335106546,向上,0,0,0,start,0,0,,上升趋势,174.7
sh513310,中韩半导体ETF,2025-09-17 00:00:00,2.118,2.151,2.111,2.13,1600753074,1330347052,向上,0,0,0,start,0,0,,上升趋势,123.4
sh513310,中韩半导体ETF,2025-09-18 00:00:00,2.166,2.242,2.158,2.188,3344045565,1339805304,向上,0,0,0,start,0,0,,上升趋势,134.7
sh513310,中韩半导体ETF,2025-09-19 00:00:00,2.224,2.224,2.162,2.165,1933896868,1333574603,向上,0,0,0,start,0,0,,上升趋势,102.5
sh513310,中韩半导体ETF,2025-09-22 00:00:00,2.186,2.261,2.175,2.248,2909883097,1338072194,向上,0,0,0,mid,0,0,,上升趋势,106.4
sh513310,中韩半导体ETF,2025-09-23 00:00:00,2.262,2.273,2.212,2.257,2184097421,1334955258,向上,0,0,0,mid,0,0,,上升趋势,100.8
sh513310,中韩半导体ETF,2025-09-24 00:00:00,2.222,2.34,2.221,2.311,3442976180,1340814922,向上,0,0,0,mid,0,0,,上升趋势,110.3
sh513310,中韩半导体ETF,2025-09-25 00:00:00,2.305,2.324,2.289,2.305,1753591035,1332833898,向上,0,0,0,mid,0,0,,上升趋势,109.5
sh513310,中韩半导体ETF,2025-09-26 00:00:00,2.281,2.297,2.238,2.239,1623196200,1331399684,向上,0,0,0,mid,0,0,,上升趋势,75.7
sh513310,中韩半导体ETF,2025-09-29 00:00:00,2.26,2.287,2.242,2.282,1735811034,1332377124,向上,0,0,0,mid,0,0,,上升趋势,75.5
sh513310,中韩半导体ETF,2025-09-30 00:00:00,2.3,2.327,2.297,2.298,2013747812,1334488884,向上,0,0,0,mid,0,0,,上升趋势,97.2
sh513310,中韩半导体ETF,2025-10-09 00:00:00,2.44,2.517,2.4,2.462,2324320055,1336626043,向上,0,0,0,mid,0,0,,上升趋势,202.0
sh513310,中韩半导体ETF,2025-10-10 00:00:00,2.47,2.474,2.371,2.38,1244703576,1328691997,向上,0,0,0,mid,0,0,,上升趋势,138.1
sh513310,中韩半导体ETF,2025-10-13 00:00:00,2.306,2.479,2.306,2.402,3641092340,1342432838,向上,0,0,0,mid,0,0,,上升趋势,108.2
sh513310,中韩半导体ETF,2025-10-14 00:00:00,2.455,2.479,2.309,2.324,2673103376,1338005427,向上,0,0,0,mid,0,1,,上升趋势,74.0
sh513310,中韩半导体ETF,2025-10-15 00:00:00,2.35,2.397,2.322,2.382,2444104768,1336640367,向上,0,0,0,mid,0,0,,上升趋势,60.2
sh513310,中韩半导体ETF,2025-10-16 00:00:00,2.385,2.419,2.385,2.395,1732964800,1333260847,向上,0,0,0,mid,0,0,,震荡偏多,77.3
sh513310,中韩半导体ETF,2025-10-17 00:00:00,2.401,2.409,2.342,2.35,1402995034,1330017099,向上,0,0,0,mid,0,0,,震荡偏多,35.8
sh513310,中韩半导体ETF,2025-10-20 00:00:00,2.4,2.411,2.37,2.385,1536869894,1331375408,向上,0,0,0,end,0,0,,震荡偏多,51.3
sh513310,中韩半导体ETF,2025-10-21 00:00:00,2.413,2.423,2.392,2.406,1868897650,1334190710,向上,0,0,0,end,0,0,,震荡偏多,66.5
sh513310,中韩半导体ETF,2025-10-22 00:00:00,2.374,2.428,2.356,2.412,2243001769,1335903464,向上,0,0,0,end,0,0,,震荡偏多,50.3
sh513310,中韩半导体ETF,2025-10-23 00:00:00,2.396,2.405,2.36,2.386,1388046317,1329914805,向上,0,0,0,end,0,0,,震荡偏多,22.5
sh513310,中韩半导体ETF,2025-10-24 00:00:00,2.431,2.504,2.423,2.49,2958223957,1339661275,向上,0,0,0,end,0,0,,震荡偏多,164.5
sh513310,中韩半导体ETF,2025-10-27 00:00:00,2.555,2.644,2.55,2.604,2120900245,1336153354,向上,0,0,0,end,0,0,,上升趋势,291.8
sh513310,中韩半导体ETF,2025-10-28 00:00:00,2.558,2.677,2.55,2.61,2585795805,1338708578,向上,0,0,0,end,0,0,,上升趋势,201.4
sh513310,中韩半导体ETF,2025-10-29 00:00:00,2.649,2.706,2.649,2.702,1378677800,1331445753,向上,0,0,0,end,0,0,,上升趋势,191.4
sh513310,中韩半导体ETF,2025-10-30 00:00:00,2.763,2.832,2.702,2.725,1902511618,1335741917,向上,0,0,0,end,0,0,,上升趋势,171.7
sh513310,中韩半导体ETF,2025-10-31 00:00:00,2.778,2.81,2.673,2.706,1599022697,1333898358,向上,0,0,0,end,0,0,,上升趋势,121.1
sh513310,中韩半导体ETF,2025-11-03 00:00:00,2.749,2.838,2.69,2.831,1863879774,1335393242,向上,0,0,0,end,0,0,,上升趋势,120.0
sh513310,中韩半导体ETF,2025-11-04 00:00:00,2.831,2.838,2.548,2.684,1715664886,1334487640,向下,0,1,1,start,0,0,,上升趋势,64.9
sh513310,中韩半导体ETF,2025-11-05 00:00:00,2.548,2.697,2.534,2.6,1916050659,1335186121,向下,0,0,0,start,0,1,,上升趋势,22.9
sh513310,中韩半导体ETF,2025-11-06 00:00:00,2.655,2.707,2.655,2.689,1404476633,1331735670,向下,0,0,0,start,0,0,,震荡偏多,52.0
sh513310,中韩半导体ETF,2025-11-07 00:00:00,2.672,2.721,2.655,2.666,1023310716,1327759522,向下,0,0,0,start,0,0,,震荡偏多,44.8
sh513310,中韩半导体ETF,2025-11-10 00:00:00,2.72,2.742,2.681,2.695,848467134,1325969779,向下,0,0,0,mid,0,0,,震荡偏多,52.7
sh513310,中韩半导体ETF,2025-11-11 00:00:00,2.753,2.759,2.678,2.706,807549019,1325567881,向下,0,0,0,mid,0,0,,震荡偏多,51.8
sh513310,中韩半导体ETF,2025-11-12 00:00:00,2.68,2.721,2.664,2.69,832622215,1325765196,向下,0,0,0,mid,0,0,,震荡偏多,22.6
sh513310,中韩半导体ETF,2025-11-13 00:00:00,2.69,2.708,2.669,2.673,515454712,1319448189,向下,0,0,0,mid,0,0,,震荡偏多,-7.7
sh513310,中韩半导体ETF,2025-11-14 00:00:00,2.635,2.637,2.542,2.554,574626060,1320260259,向下,0,0,0,mid,0,0,,震荡偏多,-188.3
sh513310,中韩半导体ETF,2025-11-17 00:00:00,2.6,2.603,2.51,2.532,747164035,1323534441,向下,0,0,0,mid,0,0,,震荡偏多,-201.1
sh513310,中韩半导体ETF,2025-11-18 00:00:00,2.502,2.568,2.48,2.482,1099534634,1327859106,向下,1,0,0,end,0,0,,震荡偏多,-172.7
sh513310,中韩半导体ETF,2025-11-19 00:00:00,2.48,2.513,2.405,2.435,916510703,1325813587,向下,1,0,0,end,0,0,,震荡偏多,-169.9
sh513310,中韩半导体ETF,2025-11-20 00:00:00,2.5,2.507,2.44,2.46,812514403,1324274089,向下,1,0,0,end,0,0,,震荡偏多,-123.0
sh513310,中韩半导体ETF,2025-11-21 00:00:00,2.391,2.42,2.275,2.297,1471224154,1330412917,向上,0,1,1,start,0,0,,震荡偏多,-179.5
sh513310,中韩半导体ETF,2025-11-24 00:00:00,2.33,2.337,2.287,2.303,1155705467,1327441597,向上,0,0,0,start,0,0,,下降趋势,-152.4
sh513310,中韩半导体ETF,2025-11-25 00:00:00,2.331,2.377,2.33,2.349,1198949326,1328016607,向上,0,0,0,mid,0,0,,下降趋势,-104.8
sh513310,中韩半导体ETF,2025-11-26 00:00:00,2.35,2.42,2.342,2.407,1605261531,1332028453,向上,1,0,0,end,0,0,,下降趋势,-72.9
sh513310,中韩半导体ETF,2025-11-27 00:00:00,2.445,2.502,2.432,2.457,1547045474,1331942028,向下,1,1,1,start,0,0,,下降趋势,-28.1
sh513310,中韩半导体ETF,2025-11-28 00:00:00,2.45,2.491,2.433,2.473,1409698116,1330615285,向下,1,0,0,start,0,0,,下降趋势,-19.6
sh513310,中韩半导体ETF,2025-12-01 00:00:00,2.488,2.495,2.475,2.478,743153487,1323039883,向下,1,0,0,mid,0,0,,下降趋势,1.8
sh513310,中韩半导体ETF,2025-12-02 00:00:00,2.491,2.492,2.447,2.452,481511982,1317905335,向下,1,0,0,mid,0,0,,下降趋势,-0.3
sh513310,中韩半导体ETF,2025-12-03 00:00:00,2.463,2.476,2.425,2.43,636769367,1320819401,向下,1,0,0,end,0,0,,下降趋势,-3.7
sh513310,中韩半导体ETF,2025-12-04 00:00:00,2.418,2.456,2.402,2.454,881892853,1325350438,向上,1,1,1,start,0,0,,下降趋势,0.6
sh513310,中韩半导体ETF,2025-12-05 00:00:00,2.455,2.467,2.437,2.46,823716382,1324428465,向上,1,0,0,mid,0,0,,下降趋势,33.7
sh513310,中韩半导体ETF,2025-12-08 00:00:00,2.459,2.575,2.456,2.57,1999246355,1335252169,向上,0,0,0,mid,0,0,,震荡偏空,137.2
sh513310,中韩半导体ETF,2025-12-09 00:00:00,2.557,2.623,2.538,2.548,2003091222,1335507856,向下,0,1,1,start,0,0,,上升趋势,157.5
sh513310,中韩半导体ETF,2025-12-10 00:00:00,2.555,2.57,2.523,2.535,1058554300,1327521134,向下,0,0,0,start,0,0,,上升趋势,110.1
sh513310,中韩半导体ETF,2025-12-11 00:00:00,2.55,2.563,2.481,2.487,878996070,1325680454,向下,1,0,0,mid,0,0,,上升趋势,66.4
sh513310,中韩半导体ETF,2025-12-12 00:00:00,2.493,2.521,2.483,2.499,1121477855,1327978359,向下,1,0,0,mid,0,0,,上升趋势,43.8
sh513310,中韩半导体ETF,2025-12-15 00:00:00,2.46,2.502,2.435,2.445,613840034,1320452641,向下,1,0,0,end,0,0,,上升趋势,-34.5
sh513310,中韩半导体ETF,2025-12-16 00:00:00,2.437,2.441,2.348,2.355,763711220,1322853693,向上,0,1,1,start,0,0,,下降趋势,-173.2
sh513310,中韩半导体ETF,2025-12-17 00:00:00,2.371,2.41,2.361,2.397,1320541824,1329314780,向上,0,0,0,start,0,0,,下降趋势,-133.6
sh513310,中韩半导体ETF,2025-12-18 00:00:00,2.376,2.406,2.365,2.367,775188928,1323090257,向上,0,0,0,start,0,0,,下降趋势,-124.1
sh513310,中韩半导体ETF,2025-12-19 00:00:00,2.399,2.409,2.377,2.379,896729905,1325396991,向上,0,0,0,start,0,0,,下降趋势,-95.9
sh513310,中韩半导体ETF,2025-12-22 00:00:00,2.418,2.469,2.418,2.464,1345735800,1329850205,向上,1,0,0,start,0,0,,下降趋势,-12.9
sh513310,中韩半导体ETF,2025-12-23 00:00:00,2.464,2.512,2.463,2.482,1206801800,1328746133,向上,1,0,0,start,0,0,,下降趋势,28.8
sh513310,中韩半导体ETF,2025-12-24 00:00:00,2.507,2.515,2.487,2.505,910888500,1325910346,向上,0,0,0,start,0,0,,震荡偏空,43.5
sh513310,中韩半导体ETF,2025-12-25 00:00:00,2.51,2.527,2.5,2.512,667475600,1321719263,向上,0,0,0,start,0,0,,震荡偏空,50.0
sh513310,中韩半导体ETF,2025-12-26 00:00:00,2.525,2.546,2.521,2.532,677302094,1322033026,向上,0,0,0,start,0,0,,上升趋势,74.6
sh513310,中韩半导体ETF,2025-12-29 00:00:00,2.565,2.607,2.554,2.591,1095107863,1328067598,向上,0,0,0,start,0,0,,上升趋势,133.4
sh513310,中韩半导体ETF,2025-12-30 00:00:00,2.596,2.628,2.596,2.613,944988646,1326659722,向上,0,0,0,start,0,0,,上升趋势,150.0
sh513310,中韩半导体ETF,2025-12-31 00:00:00,2.636,2.645,2.571,2.577,744895424,1323765703,向上,0,0,0,start,0,0,,上升趋势,116.2
sh513310,中韩半导体ETF,2026-01-05 00:00:00,2.66,2.807,2.642,2.795,1665214072,1334289876,向上,0,0,0,start,0,0,,上升趋势,198.9
sh513310,中韩半导体ETF,2026-01-06 00:00:00,2.793,2.982,2.781,2.953,2393030656,1339040402,向上,0,0,0,start,0,0,,上升趋势,222.6
sh513310,中韩半导体ETF,2026-01-07 00:00:00,3.104,3.23,3.031,3.126,2244378880,1339051940,向上,0,0,0,mid,0,0,,上升趋势,239.2
sh513310,中韩半导体ETF,2026-01-08 00:00:00,3.126,3.439,2.85,3.011,1468230058,1334216041,向上,0,0,0,mid,0,0,,上升趋势,162.0
sh513310,中韩半导体ETF,2026-01-09 00:00:00,2.979,3.014,2.905,2.977,1247507968,1331478219,向上,0,0,0,mid,0,0,,上升趋势,92.0
sh513310,中韩半导体ETF,2026-01-12 00:00:00,3.012,3.11,3.01,3.068,912135568,1327936853,向上,0,0,0,mid,0,0,,上升趋势,101.2
sh513310,中韩半导体ETF,2026-01-13 00:00:00,3.069,3.11,2.983,3.001,628791552,1323469246,向上,0,0,0,mid,0,0,,上升趋势,77.5
sh513310,中韩半导体ETF,2026-01-14 00:00:00,3.028,3.05,2.975,2.991,765676736,1326031305,向上,0,0,0,mid,0,0,,上升趋势,59.7
sh513310,中韩半导体ETF,2026-01-15 00:00:00,2.971,3.06,2.951,3.056,1280629477,1332120108,向上,0,0,0,mid,0,0,,上升趋势,56.6
sh513310,中韩半导体ETF,2026-01-16 00:00:00,3.156,3.179,3.106,3.159,1093852544,1330477961,向上,0,0,0,mid,0,0,,上升趋势,88.3
sh513310,中韩半导体ETF,2026-01-19 00:00:00,3.18,3.25,3.164,3.18,798379954,1326963674,向上,0,0,0,mid,0,0,,上升趋势,98.9
sh513310,中韩半导体ETF,2026-01-20 00:00:00,3.14,3.184,3.08,3.088,667736539,1324926404,向上,0,0,0,mid,0,0,,上升趋势,63.9
sh513310,中韩半导体ETF,2026-01-21 00:00:00,3.103,3.2,3.103,3.191,926973504,1328482710,向上,0,0,0,mid,0,0,,上升趋势,83.0
sh513310,中韩半导体ETF,2026-01-22 00:00:00,3.297,3.345,3.23,3.244,1060736261,1330547184,向上,0,0,0,mid,0,0,,上升趋势,141.5
sh513310,中韩半导体ETF,2026-01-23 00:00:00,3.132,3.239,3.091,3.192,844030970,1327484534,向上,0,0,0,mid,0,0,,上升趋势,67.4
sh513310,中韩半导体ETF,2026-01-26 00:00:00,3.25,3.258,3.198,3.218,474762893,1320549583,向上,0,0,0,mid,0,0,,上升趋势,100.9
sh513310,中韩半导体ETF,2026-01-27 00:00:00,3.25,3.436,3.178,3.363,1899268576,1337692433,向上,0,0,0,mid,0,0,,上升趋势,152.1
sh513310,中韩半导体ETF,2026-01-28 00:00:00,3.431,3.648,3.372,3.613,1500906661,1335793758,向上,0,0,0,mid,0,0,,上升趋势,230.4
sh513310,中韩半导体ETF,2026-01-29 00:00:00,3.609,3.858,3.5,3.652,1414074945,1335796052,向上,0,0,0,mid,0,0,,上升趋势,218.3
sh513310,中韩半导体ETF,2026-01-30 00:00:00,3.7,3.908,3.358,3.739,1930892234,1339611134,向上,0,0,0,mid,0,0,,上升趋势,159.8
sh513310,中韩半导体ETF,2026-02-02 00:00:00,3.4,3.75,3.365,3.365,1136487035,1332717782,向上,0,0,0,end,0,1,,上升趋势,76.0
sh513310,中韩半导体ETF,2026-02-03 00:00:00,3.702,3.702,3.41,3.655,1896051036,1338612838,向上,0,0,0,end,0,0,,上升趋势,91.9
sh513310,中韩半导体ETF,2026-02-04 00:00:00,3.545,3.73,3.493,3.612,1883489758,1338700534,向上,0,0,0,end,0,0,,上升趋势,83.2
sh513310,中韩半导体ETF,2026-02-05 00:00:00,3.5,3.54,3.385,3.415,1575475818,1336029469,向上,0,0,0,end,0,0,,上升趋势,19.7
sh513310,中韩半导体ETF,2026-02-06 00:00:00,3.438,3.621,3.372,3.405,1450995712,1335263069,向上,0,0,0,end,0,0,,震荡偏多,21.1
sh513310,中韩半导体ETF,2026-02-09 00:00:00,3.575,3.609,3.5,3.533,1103907907,1332275681,向上,0,0,0,end,0,0,,震荡偏多,46.4
sh513310,中韩半导体ETF,2026-02-10 00:00:00,3.563,3.574,3.477,3.489,733994596,1327073271,向上,0,0,0,end,0,0,,震荡偏多,23.8
sh513310,中韩半导体ETF,2026-02-11 00:00:00,3.471,3.475,3.411,3.422,440080168,1320415123,向上,0,0,0,end,0,0,,震荡偏多,-25.2
sh513310,中韩半导体ETF,2026-02-12 00:00:00,3.512,3.589,3.471,3.539,1015499194,1330915039,向上,0,0,0,end,0,0,,震荡偏多,20.5
sh513310,中韩半导体ETF,2026-02-13 00:00:00,3.552,3.66,3.53,3.603,1418190840,1335413868,向上,0,0,0,end,0,0,,震荡偏多,60.6
sh513310,中韩半导体ETF,2026-02-24 00:00:00,3.722,3.858,3.71,3.851,1040298879,1332380286,向上,0,0,0,end,0,0,,震荡偏多,204.9
sh513310,中韩半导体ETF,2026-02-25 00:00:00,4.074,4.074,3.851,3.941,1211299924,1334781935,向上,0,0,0,end,0,0,,上升趋势,227.8
sh513310,中韩半导体ETF,2026-02-26 00:00:00,4.099,4.33,4.01,4.321,2069253934,1342283900,向上,0,0,0,end,0,0,,上升趋势,245.8
sh513310,中韩半导体ETF,2026-02-27 00:00:00,4.321,4.65,4.148,4.256,2504915639,1344659960,向下,1,1,1,start,0,0,,上升趋势,194.8
sh513310,中韩半导体ETF,2026-03-02 00:00:00,3.83,4.363,3.83,4.103,1399633434,1336944543,向下,1,0,0,mid,0,1,,上升趋势,96.5
sh513310,中韩半导体ETF,2026-03-03 00:00:00,3.939,4.05,3.703,3.78,1592873305,1337361240,向下,1,0,0,mid,0,0,,上升趋势,25.7
sh513310,中韩半导体ETF,2026-03-04 00:00:00,3.7,3.87,3.585,3.787,2153878368,1341075588,向上,1,1,1,start,0,0,,震荡偏多,-1.9
sh513310,中韩半导体ETF,2026-03-05 00:00:00,4.1,4.166,3.973,4.099,1713832577,1338970675,向上,1,0,0,start,0,0,,上升趋势,74.2
sh513310,中韩半导体ETF,2026-03-06 00:00:00,4.101,4.198,4.002,4.132,2146424720,1342455347,向上,1,0,0,mid,0,0,,上升趋势,71.0
sh513310,中韩半导体ETF,2026-03-09 00:00:00,3.806,4.039,3.806,3.995,1584707276,1337671687,向上,1,0,0,end,0,0,,震荡偏多,20.6
sh513310,中韩半导体ETF,2026-03-10 00:00:00,4.395,4.395,4.125,4.129,1309556344,1336065785,向下,1,1,1,start,0,0,,震荡偏多,86.1
sh513310,中韩半导体ETF,2026-03-11 00:00:00,4.2,4.23,4.009,4.037,1237289171,1335297517,向下,1,0,0,start,0,0,,震荡偏多,41.1
sh513310,中韩半导体ETF,2026-03-12 00:00:00,4.037,4.037,3.931,3.996,905177375,1331023460,向下,1,0,0,start,0,0,,震荡偏多,-6.5
sh513310,中韩半导体ETF,2026-03-13 00:00:00,3.92,4.069,3.92,3.992,1165821978,1334516277,向下,1,0,0,start,0,0,,震荡偏多,-19.0
sh513310,中韩半导体ETF,2026-03-16 00:00:00,3.93,4.2,3.672,4.105,2462682960,1343541540,向下,1,0,0,start,0,0,,震荡偏多,-29.1
sh513310,中韩半导体ETF,2026-03-17 00:00:00,4.15,4.199,3.961,3.97,1533747031,1337669318,向下,1,0,0,start,0,0,,震荡偏多,-4.9
sh513310,中韩半导体ETF,2026-03-18 00:00:00,4.034,4.176,4.0,4.131,2436096913,1343530848,向下,1,0,0,mid,0,0,,震荡偏多,36.8
sh513310,中韩半导体ETF,2026-03-19 00:00:00,4.131,4.145,4.02,4.047,1579206763,1337977812,向下,1,0,0,mid,0,0,,震荡偏多,35.3
sh513310,中韩半导体ETF,2026-03-20 00:00:00,4.045,4.088,3.95,3.973,1075528449,1333882153,向下,1,0,0,mid,0,0,,震荡偏多,-10.0
sh513310,中韩半导体ETF,2026-03-23 00:00:00,3.83,3.915,3.613,3.663,1548443393,1336786808,向下,1,0,0,mid,0,0,,震荡偏多,-197.7
sh513310,中韩半导体ETF,2026-03-24 00:00:00,3.71,3.84,3.664,3.792,2406437445,1342668054,向下,1,0,0,mid,0,0,,震荡偏多,-176.1
sh513310,中韩半导体ETF,2026-03-25 00:00:00,4.171,4.171,3.87,3.888,1475018233,1336688428,向下,1,0,0,mid,0,0,,震荡偏多,-19.4
sh513310,中韩半导体ETF,2026-03-26 00:00:00,3.732,3.812,3.72,3.739,815536309,1328960576,向下,1,0,0,end,0,0,,震荡偏多,-144.7
sh513310,中韩半导体ETF,2026-03-27 00:00:00,3.739,3.845,3.65,3.757,1687809883,1337851176,向下,1,0,0,end,0,0,,震荡偏多,-116.8
sh513310,中韩半导体ETF,2026-03-30 00:00:00,3.666,3.755,3.603,3.684,1383337924,1335383500,向下,1,0,0,end,0,0,,震荡偏多,-121.2
sh513310,中韩半导体ETF,2026-03-31 00:00:00,3.72,3.72,3.461,3.469,1067528962,1331804831,向下,0,0,0,end,0,0,,下降趋势,-144.9
sh513310,中韩半导体ETF,2026-04-01 00:00:00,3.78,3.8,3.599,3.619,1459013745,1335750849,向下,1,0,0,end,0,0,,下降趋势,-78.3
sh513310,中韩半导体ETF,2026-04-02 00:00:00,3.257,3.548,3.257,3.443,973535811,1330146195,向上,0,1,1,start,0,0,,下降趋势,-151.0
sh513310,中韩半导体ETF,2026-04-03 00:00:00,3.527,3.527,3.373,3.379,970657408,1330071261,向上,0,0,0,start,0,0,,下降趋势,-128.9
sh513310,中韩半导体ETF,2026-04-07 00:00:00,3.4,3.447,3.373,3.38,963459146,1329850958,向上,0,0,0,start,0,0,,下降趋势,-122.9
sh513310,中韩半导体ETF,2026-04-08 00:00:00,3.6,3.718,3.547,3.718,1888356873,1338809279,向上,1,0,0,mid,0,0,,下降趋势,-18.0
sh513310,中韩半导体ETF,2026-04-09 00:00:00,3.68,3.875,3.646,3.696,2970829925,1344643653,向上,1,0,0,mid,0,0,,下降趋势,28.4
sh513310,中韩半导体ETF,2026-04-10 00:00:00,3.746,3.866,3.746,3.771,1746824130,1338413805,向上,1,0,0,mid,0,0,,下降趋势,68.6
sh513310,中韩半导体ETF,2026-04-13 00:00:00,3.749,3.829,3.749,3.77,1096873208,1333198869,向上,1,0,0,end,0,0,,下降趋势,59.1
sh513310,中韩半导体ETF,2026-04-14 00:00:00,3.845,3.958,3.823,3.853,1283277158,1335078329,向上,1,0,0,end,0,0,,震荡偏空,99.7
sh513310,中韩半导体ETF,2026-04-15 00:00:00,3.89,3.988,3.797,3.815,1246608682,1334809022,向下,1,1,1,start,0,0,,震荡偏空,102.7
sh513310,中韩半导体ETF,2026-04-16 00:00:00,3.87,3.87,3.802,3.823,807819187,1329068099,向下,1,0,0,start,0,0,,震荡偏空,79.1
sh513310,中韩半导体ETF,2026-04-17 00:00:00,3.789,3.837,3.78,3.782,813201226,1329104030,向下,1,0,0,mid,0,0,,上升趋势,59.9
sh513310,中韩半导体ETF,2026-04-20 00:00:00,3.8,3.809,3.761,3.771,569257465,1325420435,向下,1,0,0,end,0,0,,上升趋势,44.8
sh513310,中韩半导体ETF,2026-04-21 00:00:00,3.8,3.88,3.736,3.872,1230822696,1334527262,向上,1,1,1,start,0,0,,上升趋势,60.7
sh513310,中韩半导体ETF,2026-04-22 00:00:00,3.829,3.966,3.815,3.925,2031637970,1340933187,向上,1,0,0,start,0,0,,上升趋势,85.4
sh513310,中韩半导体ETF,2026-04-23 00:00:00,3.999,4.022,3.845,3.915,1657638972,1338126522,向上,1,0,0,start,0,0,,上升趋势,97.6
sh513310,中韩半导体ETF,2026-04-24 00:00:00,3.895,3.969,3.894,3.923,1614405695,1337813125,向上,1,0,0,start,0,0,,上升趋势,103.0
sh513310,中韩半导体ETF,2026-04-27 00:00:00,3.996,4.26,3.985,4.226,2947792730,1345706122,向上,1,0,0,start,0,0,,上升趋势,253.0
sh513310,中韩半导体ETF,2026-04-28 00:00:00,4.25,4.479,4.191,4.227,3063845711,1346750400,向上,1,0,0,start,0,0,,上升趋势,254.0
sh513310,中韩半导体ETF,2026-04-29 00:00:00,4.182,4.24,4.136,4.188,1332658816,1336276667,向上,1,0,0,start,0,0,,上升趋势,140.5
sh513310,中韩半导体ETF,2026-04-30 00:00:00,4.245,4.396,4.244,4.291,2190129152,1343046430,向上,1,0,0,mid,0,0,,上升趋势,147.0
sh513310,中韩半导体ETF,2026-05-06 00:00:00,4.72,4.72,4.72,4.72,142628663,1310753104,向上,0,0,0,mid,0,0,,上升趋势,211.2
sh513310,中韩半导体ETF,2026-05-07 00:00:00,4.8,5.142,4.8,5.057,2971332425,1348290237,向上,0,0,0,mid,0,0,,上升趋势,206.1
sh513310,中韩半导体ETF,2026-05-08 00:00:00,4.98,5.184,4.885,5.122,2270673664,1344993816,向上,0,0,0,mid,0,0,,上升趋势,167.7
sh513310,中韩半导体ETF,2026-05-11 00:00:00,5.634,5.634,5.44,5.634,1265109632,1339183374,向上,0,0,0,mid,0,0,,上升趋势,189.7
sh513310,中韩半导体ETF,2026-05-12 00:00:00,5.577,6.059,5.411,5.598,3679174463,1352523285,向上,0,0,0,mid,0,0,,上升趋势,152.9
sh513310,中韩半导体ETF,2026-05-13 00:00:00,5.821,6.139,5.619,6.134,3347776768,1351769102,向上,0,0,0,mid,0,0,,上升趋势,145.4
sh513310,中韩半导体ETF,2026-05-14 00:00:00,6.137,6.747,5.958,6.237,1425488256,1342415459,向上,0,0,0,mid,0,0,,上升趋势,146.2
sh513310,中韩半导体ETF,2026-05-15 00:00:00,6.212,6.212,5.74,6.005,1465385472,1342469617,向上,0,0,0,mid,0,0,,上升趋势,97.4
sh513310,中韩半导体ETF,2026-05-18 00:00:00,6.0,6.385,5.405,5.662,1512837632,1342540752,向上,0,0,0,mid,0,1,,上升趋势,70.9
sh513310,中韩半导体ETF,2026-05-19 00:00:00,5.43,5.57,5.105,5.323,3698041344,1351798862,向上,0,0,0,end,0,0,,上升趋势,16.8
sh513310,中韩半导体ETF,2026-05-20 00:00:00,5.599,5.799,5.34,5.382,1102470016,1337095821,向上,0,0,0,end,0,0,,上升趋势,27.6
sh513310,中韩半导体ETF,2026-05-21 00:00:00,5.92,5.92,5.563,5.625,2437968384,1347345112,向上,0,0,0,end,0,0,,上升趋势,43.3
sh513310,中韩半导体ETF,2026-05-22 00:00:00,5.625,5.729,5.571,5.708,1837116928,1343992732,向上,0,0,0,end,0,0,,上升趋势,30.8
sh513310,中韩半导体ETF,2026-05-25 00:00:00,5.867,6.05,5.822,6.041,1208076160,1339356598,向上,0,0,0,end,0,0,,上升趋势,74.5
sh513310,中韩半导体ETF,2026-05-26 00:00:00,6.211,6.311,6.11,6.148,1175148416,1339632048,向上,0,0,0,end,0,0,,上升趋势,111.5
sh513310,中韩半导体ETF,2026-05-27 00:00:00,6.763,6.763,6.31,6.498,930468928,1337224829,向下,1,1,1,start,0,0,,上升趋势,158.1
sh513310,中韩半导体ETF,2026-05-28 00:00:00,6.49,6.505,6.029,6.07,1033523200,1337897245,向下,1,0,0,start,0,0,,上升趋势,75.6
sh513310,中韩半导体ETF,2026-05-29 00:00:00,6.07,6.17,5.92,5.979,940091520,1336519653,向下,1,0,0,start,0,0,,上升趋势,26.4
sh513310,中韩半导体ETF,2026-06-01 00:00:00,6.099,6.2,5.671,5.841,2235306496,1346707046,向下,1,0,0,mid,0,0,,震荡偏多,-8.9
sh513310,中韩半导体ETF,2026-06-02 00:00:00,5.841,6.027,5.748,5.942,2261208320,1346829522,向下,1,0,0,mid,0,0,,震荡偏多,-7.3
sh513310,中韩半导体ETF,2026-06-03 00:00:00,6.04,6.16,6.031,6.136,722963200,1334046860,向下,1,0,0,mid,0,0,,震荡偏多,56.5
sh513310,中韩半导体ETF,2026-06-04 00:00:00,6.15,6.228,5.91,5.974,1481910016,1342519971,向下,1,0,0,end,0,0,,震荡偏多,33.8
sh513310,中韩半导体ETF,2026-06-05 00:00:00,5.766,5.85,5.51,5.616,1482924160,1341854004,向下,1,0,0,end,0,0,,震荡偏多,-69.4
sh513310,中韩半导体ETF,2026-06-08 00:00:00,5.36,5.476,5.188,5.254,1491671040,1340889106,向下,1,0,1,end,0,0,,震荡偏多,-165.1
sh513310,中韩半导体ETF,2026-06-09 00:00:00,5.432,5.779,5.411,5.779,1829963904,1343836373,无,0,0,0,无,0,0,,震荡偏多,-75.2
sh513310,中韩半导体ETF,2026-06-10 00:00:00,5.65,5.66,5.433,5.548,2047691520,1344882230,无,0,0,0,无,0,0,,震荡偏多,-98.7
sh513310,中韩半导体ETF,2026-06-11 00:00:00,5.548,5.663,5.482,5.588,976304512,1336087455,无,0,0,0,无,0,0,,震荡偏多,-85.8
sh513310,中韩半导体ETF,2026-06-12 00:00:00,5.999,6.05,5.617,5.642,2211878912,1346439621,无,0,0,0,无,0,0,,震荡偏多,-30.2
sh513310,中韩半导体ETF,2026-06-15 00:00:00,5.9,6.026,5.888,5.989,1827400576,1344412256,无,0,0,0,无,0,0,,震荡偏多,26.6
sh513310,中韩半导体ETF,2026-06-16 00:00:00,5.98,6.054,5.93,5.958,1479188608,1342463392,无,0,0,0,无,0,0,,震荡偏多,47.1
sh513310,中韩半导体ETF,2026-06-17 00:00:00,6.003,6.297,5.953,6.185,2629357312,1349499693,无,0,0,0,无,0,0,,震荡偏多,102.1
